
  0  16  16  32  16  32  32  48  16  32  32  48  32  48  48  64  16  32  32  48  32  48  48  64  32  48  48  64  48  64  64  80  16  32  32  48  32  48  48  64  32  48  48  64  48  64  64  80  32  48  48  64  48  64  64  80  48  64  64  80  64  80  80  96  16  32  32  48  32  48  48  64  32  48  48  64  48  64  64  80  32  48  48  64  48  64  64  80  48  64  64  80  64  80  80  96  32  48  48  64  48  64  64  80  48  64  64  80  64  80  80  96  48  64  64  80  64  80  80  96  64  80  80  96  80  96  96 112  16  32  32  48  32  48  48  64  32  48  48  64  48  64  64  80  32  48  48  64  48  64  64  80  48  64  64  80  64  80  80  96  32  48  48  64  48  64  64  80  48  64  64  80  64  80  80  96  48  64  64  80  64  80  80  96  64  80  80  96  80  96  96 112  32  48  48  64  48  64  64  80  48  64  64  80  64  80  80  96  48  64  64  80  64  80  80  96  64  80  80  96  80  96  96 112  48  64  64  80  64  80  80  96  64  80  80  96  80  96  96 112  64  80  80  96  80  96  96 112  80  96  96 112  96 112 112 128 
 16  32  32  48  32  48  48  64  32  48  48  64  48  64  64  80  32  48  48  64  48  64  64  80  48  64  64  80  64  80  80  96  32  48  48  64  48  64  64  80  48  64  64  80  64  80  80  96  48  64  64  80  64  80  80  96  64  80  80  96  80  96  96 112  32  48  48  64  48  64  64  80  48  64  64  80  64  80  80  96  48  64  64  80  64  80  80  96  64  80  80  96  80  96  96 112  48  64  64  80  64  80  80  96  64  80  80  96  80  96  96 112  64  80  80  96  80  96  96 112  80  96  96 112  96 112 112 128  32  48  48  64  48  64  64  80  48  64  64  80  64  80  80  96  48  64  64  80  64  80  80  96  64  80  80  96  80  96  96 112  48  64  64  80  64  80  80  96  64  80  80  96  80  96  96 112  64  80  80  96  80  96  96 112  80  96  96 112  96 112 112 128  48  64  64  80  64  80  80  96  64  80  80  96  80  96  96 112  64  80  80  96  80  96  96 112  80  96  96 112  96 112 112 128  64  80  80  96  80  96  96 112  80  96  96 112  96 112 112 128  80  96  96 112  96 112 112 128  96 112 112 128 112 128 128 144 
 16  32  32  48  32  48  48  64  32  48  48  64  48  64  64  80  32  48  48  64  48  64  64  80  48  64  64  80  64  80  80  96  32  48  48  64  48  64  64  80  48  64  64  80  64  80  80  96  48  64  64  80  64  80  80  96  64  80  80  96  80  96  96 112  32  48  48  64  48  64  64  80  48  64  64  80  64  80  80  96  48  64  64  80  64  80  80  96  64  80  80  96  80  96  96 112  48  64  64  80  64  80  80  96  64  80  80  96  80  96  96 112  64  80  80  96  80  96  96 112  80  96  96 112  96 112 112 128  32  48  48  64  48  64  64  80  48  64  64  80  64  80  80  96  48  64  64  80  64  80  80  96  64  80  80  96  80  96  96 112  48  64  64  80  64  80  80  96  64  80  80  96  80  96  96 112  64  80  80  96  80  96  96 112  80  96  96 112  96 112 112 128  48  64  64  80  64  80  80  96  64  80  80  96  80  96  96 112  64  80  80  96  80  96  96 112  80  96  96 112  96 112 112 128  64  80  80  96  80  96  96 112  80  96  96 112  96 112 112 128  80  96  96 112  96 112 112 128  96 112 112 128 112 128 128 144 
 32  48  48  64  48  64  64  80  48  64  64  80  64  80  80  96  48  64  64  80  64  80  80  96  64  80  80  96  80  96  96 112  48  64  64  80  64  80  80  96  64  80  80  96  80  96  96 112  64  80  80  96  80  96  96 112  80  96  96 112  96 112 112 128  48  64  64  80  64  80  80  96  64  80  80  96  80  96  96 112  64  80  80  96  80  96  96 112  80  96  96 112  96 112 112 128  64  80  80  96  80  96  96 112  80  96  96 112  96 112 112 128  80  96  96 112  96 112 112 128  96 112 112 128 112 128 128 144  48  64  64  80  64  80  80  96  64  80  80  96  80  96  96 112  64  80  80  96  80  96  96 112  80  96  96 112  96 112 112 128  64  80  80  96  80  96  96 112  80  96  96 112  96 112 112 128  80  96  96 112  96 112 112 128  96 112 112 128 112 128 128 144  64  80  80  96  80  96  96 112  80  96  96 112  96 112 112 128  80  96  96 112  96 112 112 128  96 112 112 128 112 128 128 144  80  96  96 112  96 112 112 128  96 112 112 128 112 128 128 144  96 112 112 128 112 128 128 144 112 128 128 144 128 144 144 160 
 16  32  32  48  32  48  48  64  32  48  48  64  48  64  64  80  32  48  48  64  48  64  64  80  48  64  64  80  64  80  80  96  32  48  48  64  48  64  64  80  48  64  64  80  64  80  80  96  48  64  64  80  64  80  80  96  64  80  80  96  80  96  96 112  32  48  48  64  48  64  64  80  48  64  64  80  64  80  80  96  48  64  64  80  64  80  80  96  64  80  80  96  80  96  96 112  48  64  64  80  64  80  80  96  64  80  80  96  80  96  96 112  64  80  80  96  80  96  96 112  80  96  96 112  96 112 112 128  32  48  48  64  48  64  64  80  48  64  64  80  64  80  80  96  48  64  64  80  64  80  80  96  64  80  80  96  80  96  96 112  48  64  64  80  64  80  80  96  64  80  80  96  80  96  96 112  64  80  80  96  80  96  96 112  80  96  96 112  96 112 112 128  48  64  64  80  64  80  80  96  64  80  80  96  80  96  96 112  64  80  80  96  80  96  96 112  80  96  96 112  96 112 112 128  64  80  80  96  80  96  96 112  80  96  96 112  96 112 112 128  80  96  96 112  96 112 112 128  96 112 112 128 112 128 128 144 
 32  48  48  64  48  64  64  80  48  64  64  80  64  80  80  96  48  64  64  80  64  80  80  96  64  80  80  96  80  96  96 112  48  64  64  80  64  80  80  96  64  80  80  96  80  96  96 112  64  80  80  96  80  96  96 112  80  96  96 112  96 112 112 128  48  64  64  80  64  80  80  96  64  80  80  96  80  96  96 112  64  80  80  96  80  96  96 112  80  96  96 112  96 112 112 128  64  80  80  96  80  96  96 112  80  96  96 112  96 112 112 128  80  96  96 112  96 112 112 128  96 112 112 128 112 128 128 144  48  64  64  80  64  80  80  96  64  80  80  96  80  96  96 112  64  80  80  96  80  96  96 112  80  96  96 112  96 112 112 128  64  80  80  96  80  96  96 112  80  96  96 112  96 112 112 128  80  96  96 112  96 112 112 128  96 112 112 128 112 128 128 144  64  80  80  96  80  96  96 112  80  96  96 112  96 112 112 128  80  96  96 112  96 112 112 128  96 112 112 128 112 128 128 144  80  96  96 112  96 112 112 128  96 112 112 128 112 128 128 144  96 112 112 128 112 128 128 144 112 128 128 144 128 144 144 160 
 32  48  48  64  48  64  64  80  48  64  64  80  64  80  80  96  48  64  64  80  64  80  80  96  64  80  80  96  80  96  96 112  48  64  64  80  64  80  80  96  64  80  80  96  80  96  96 112  64  80  80  96  80  96  96 112  80  96  96 112  96 112 112 128  48  64  64  80  64  80  80  96  64  80  80  96  80  96  96 112  64  80  80  96  80  96  96 112  80  96  96 112  96 112 112 128  64  80  80  96  80  96  96 112  80  96  96 112  96 112 112 128  80  96  96 112  96 112 112 128  96 112 112 128 112 128 128 144  48  64  64  80  64  80  80  96  64  80  80  96  80  96  96 112  64  80  80  96  80  96  96 112  80  96  96 112  96 112 112 128  64  80  80  96  80  96  96 112  80  96  96 112  96 112 112 128  80  96  96 112  96 112 112 128  96 112 112 128 112 128 128 144  64  80  80  96  80  96  96 112  80  96  96 112  96 112 112 128  80  96  96 112  96 112 112 128  96 112 112 128 112 128 128 144  80  96  96 112  96 112 112 128  96 112 112 128 112 128 128 144  96 112 112 128 112 128 128 144 112 128 128 144 128 144 144 160 
 48  64  64  80  64  80  80  96  64  80  80  96  80  96  96 112  64  80  80  96  80  96  96 112  80  96  96 112  96 112 112 128  64  80  80  96  80  96  96 112  80  96  96 112  96 112 112 128  80  96  96 112  96 112 112 128  96 112 112 128 112 128 128 144  64  80  80  96  80  96  96 112  80  96  96 112  96 112 112 128  80  96  96 112  96 112 112 128  96 112 112 128 112 128 128 144  80  96  96 112  96 112 112 128  96 112 112 128 112 128 128 144  96 112 112 128 112 128 128 144 112 128 128 144 128 144 144 160  64  80  80  96  80  96  96 112  80  96  96 112  96 112 112 128  80  96  96 112  96 112 112 128  96 112 112 128 112 128 128 144  80  96  96 112  96 112 112 128  96 112 112 128 112 128 128 144  96 112 112 128 112 128 128 144 112 128 128 144 128 144 144 160  80  96  96 112  96 112 112 128  96 112 112 128 112 128 128 144  96 112 112 128 112 128 128 144 112 128 128 144 128 144 144 160  96 112 112 128 112 128 128 144 112 128 128 144 128 144 144 160 112 128 128 144 128 144 144 160 128 144 144 160 144 160 160 176 
 16  32  32  48  32  48  48  64  32  48  48  64  48  64  64  80  32  48  48  64  48  64  64  80  48  64  64  80  64  80  80  96  32  48  48  64  48  64  64  80  48  64  64  80  64  80  80  96  48  64  64  80  64  80  80  96  64  80  80  96  80  96  96 112  32  48  48  64  48  64  64  80  48  64  64  80  64  80  80  96  48  64  64  80  64  80  80  96  64  80  80  96  80  96  96 112  48  64  64  80  64  80  80  96  64  80  80  96  80  96  96 112  64  80  80  96  80  96  96 112  80  96  96 112  96 112 112 128  32  48  48  64  48  64  64  80  48  64  64  80  64  80  80  96  48  64  64  80  64  80  80  96  64  80  80  96  80  96  96 112  48  64  64  80  64  80  80  96  64  80  80  96  80  96  96 112  64  80  80  96  80  96  96 112  80  96  96 112  96 112 112 128  48  64  64  80  64  80  80  96  64  80  80  96  80  96  96 112  64  80  80  96  80  96  96 112  80  96  96 112  96 112 112 128  64  80  80  96  80  96  96 112  80  96  96 112  96 112 112 128  80  96  96 112  96 112 112 128  96 112 112 128 112 128 128 144 
 32  48  48  64  48  64  64  80  48  64  64  80  64  80  80  96  48  64  64  80  64  80  80  96  64  80  80  96  80  96  96 112  48  64  64  80  64  80  80  96  64  80  80  96  80  96  96 112  64  80  80  96  80  96  96 112  80  96  96 112  96 112 112 128  48  64  64  80  64  80  80  96  64  80  80  96  80  96  96 112  64  80  80  96  80  96  96 112  80  96  96 112  96 112 112 128  64  80  80  96  80  96  96 112  80  96  96 112  96 112 112 128  80  96  96 112  96 112 112 128  96 112 112 128 112 128 128 144  48  64  64  80  64  80  80  96  64  80  80  96  80  96  96 112  64  80  80  96  80  96  96 112  80  96  96 112  96 112 112 128  64  80  80  96  80  96  96 112  80  96  96 112  96 112 112 128  80  96  96 112  96 112 112 128  96 112 112 128 112 128 128 144  64  80  80  96  80  96  96 112  80  96  96 112  96 112 112 128  80  96  96 112  96 112 112 128  96 112 112 128 112 128 128 144  80  96  96 112  96 112 112 128  96 112 112 128 112 128 128 144  96 112 112 128 112 128 128 144 112 128 128 144 128 144 144 160 
 32  48  48  64  48  64  64  80  48  64  64  80  64  80  80  96  48  64  64  80  64  80  80  96  64  80  80  96  80  96  96 112  48  64  64  80  64  80  80  96  64  80  80  96  80  96  96 112  64  80  80  96  80  96  96 112  80  96  96 112  96 112 112 128  48  64  64  80  64  80  80  96  64  80  80  96  80  96  96 112  64  80  80  96  80  96  96 112  80  96  96 112  96 112 112 128  64  80  80  96  80  96  96 112  80  96  96 112  96 112 112 128  80  96  96 112  96 112 112 128  96 112 112 128 112 128 128 144  48  64  64  80  64  80  80  96  64  80  80  96  80  96  96 112  64  80  80  96  80  96  96 112  80  96  96 112  96 112 112 128  64  80  80  96  80  96  96 112  80  96  96 112  96 112 112 128  80  96  96 112  96 112 112 128  96 112 112 128 112 128 128 144  64  80  80  96  80  96  96 112  80  96  96 112  96 112 112 128  80  96  96 112  96 112 112 128  96 112 112 128 112 128 128 144  80  96  96 112  96 112 112 128  96 112 112 128 112 128 128 144  96 112 112 128 112 128 128 144 112 128 128 144 128 144 144 160 
 48  64  64  80  64  80  80  96  64  80  80  96  80  96  96 112  64  80  80  96  80  96  96 112  80  96  96 112  96 112 112 128  64  80  80  96  80  96  96 112  80  96  96 112  96 112 112 128  80  96  96 112  96 112 112 128  96 112 112 128 112 128 128 144  64  80  80  96  80  96  96 112  80  96  96 112  96 112 112 128  80  96  96 112  96 112 112 128  96 112 112 128 112 128 128 144  80  96  96 112  96 112 112 128  96 112 112 128 112 128 128 144  96 112 112 128 112 128 128 144 112 128 128 144 128 144 144 160  64  80  80  96  80  96  96 112  80  96  96 112  96 112 112 128  80  96  96 112  96 112 112 128  96 112 112 128 112 128 128 144  80  96  96 112  96 112 112 128  96 112 112 128 112 128 128 144  96 112 112 128 112 128 128 144 112 128 128 144 128 144 144 160  80  96  96 112  96 112 112 128  96 112 112 128 112 128 128 144  96 112 112 128 112 128 128 144 112 128 128 144 128 144 144 160  96 112 112 128 112 128 128 144 112 128 128 144 128 144 144 160 112 128 128 144 128 144 144 160 128 144 144 160 144 160 160 176 
 32  48  48  64  48  64  64  80  48  64  64  80  64  80  80  96  48  64  64  80  64  80  80  96  64  80  80  96  80  96  96 112  48  64  64  80  64  80  80  96  64  80  80  96  80  96  96 112  64  80  80  96  80  96  96 112  80  96  96 112  96 112 112 128  48  64  64  80  64  80  80  96  64  80  80  96  80  96  96 112  64  80  80  96  80  96  96 112  80  96  96 112  96 112 112 128  64  80  80  96  80  96  96 112  80  96  96 112  96 112 112 128  80  96  96 112  96 112 112 128  96 112 112 128 112 128 128 144  48  64  64  80  64  80  80  96  64  80  80  96  80  96  96 112  64  80  80  96  80  96  96 112  80  96  96 112  96 112 112 128  64  80  80  96  80  96  96 112  80  96  96 112  96 112 112 128  80  96  96 112  96 112 112 128  96 112 112 128 112 128 128 144  64  80  80  96  80  96  96 112  80  96  96 112  96 112 112 128  80  96  96 112  96 112 112 128  96 112 112 128 112 128 128 144  80  96  96 112  96 112 112 128  96 112 112 128 112 128 128 144  96 112 112 128 112 128 128 144 112 128 128 144 128 144 144 160 
 48  64  64  80  64  80  80  96  64  80  80  96  80  96  96 112  64  80  80  96  80  96  96 112  80  96  96 112  96 112 112 128  64  80  80  96  80  96  96 112  80  96  96 112  96 112 112 128  80  96  96 112  96 112 112 128  96 112 112 128 112 128 128 144  64  80  80  96  80  96  96 112  80  96  96 112  96 112 112 128  80  96  96 112  96 112 112 128  96 112 112 128 112 128 128 144  80  96  96 112  96 112 112 128  96 112 112 128 112 128 128 144  96 112 112 128 112 128 128 144 112 128 128 144 128 144 144 160  64  80  80  96  80  96  96 112  80  96  96 112  96 112 112 128  80  96  96 112  96 112 112 128  96 112 112 128 112 128 128 144  80  96  96 112  96 112 112 128  96 112 112 128 112 128 128 144  96 112 112 128 112 128 128 144 112 128 128 144 128 144 144 160  80  96  96 112  96 112 112 128  96 112 112 128 112 128 128 144  96 112 112 128 112 128 128 144 112 128 128 144 128 144 144 160  96 112 112 128 112 128 128 144 112 128 128 144 128 144 144 160 112 128 128 144 128 144 144 160 128 144 144 160 144 160 160 176 
 48  64  64  80  64  80  80  96  64  80  80  96  80  96  96 112  64  80  80  96  80  96  96 112  80  96  96 112  96 112 112 128  64  80  80  96  80  96  96 112  80  96  96 112  96 112 112 128  80  96  96 112  96 112 112 128  96 112 112 128 112 128 128 144  64  80  80  96  80  96  96 112  80  96  96 112  96 112 112 128  80  96  96 112  96 112 112 128  96 112 112 128 112 128 128 144  80  96  96 112  96 112 112 128  96 112 112 128 112 128 128 144  96 112 112 128 112 128 128 144 112 128 128 144 128 144 144 160  64  80  80  96  80  96  96 112  80  96  96 112  96 112 112 128  80  96  96 112  96 112 112 128  96 112 112 128 112 128 128 144  80  96  96 112  96 112 112 128  96 112 112 128 112 128 128 144  96 112 112 128 112 128 128 144 112 128 128 144 128 144 144 160  80  96  96 112  96 112 112 128  96 112 112 128 112 128 128 144  96 112 112 128 112 128 128 144 112 128 128 144 128 144 144 160  96 112 112 128 112 128 128 144 112 128 128 144 128 144 144 160 112 128 128 144 128 144 144 160 128 144 144 160 144 160 160 176 
 64  80  80  96  80  96  96 112  80  96  96 112  96 112 112 128  80  96  96 112  96 112 112 128  96 112 112 128 112 128 128 144  80  96  96 112  96 112 112 128  96 112 112 128 112 128 128 144  96 112 112 128 112 128 128 144 112 128 128 144 128 144 144 160  80  96  96 112  96 112 112 128  96 112 112 128 112 128 128 144  96 112 112 128 112 128 128 144 112 128 128 144 128 144 144 160  96 112 112 128 112 128 128 144 112 128 128 144 128 144 144 160 112 128 128 144 128 144 144 160 128 144 144 160 144 160 160 176  80  96  96 112  96 112 112 128  96 112 112 128 112 128 128 144  96 112 112 128 112 128 128 144 112 128 128 144 128 144 144 160  96 112 112 128 112 128 128 144 112 128 128 144 128 144 144 160 112 128 128 144 128 144 144 160 128 144 144 160 144 160 160 176  96 112 112 128 112 128 128 144 112 128 128 144 128 144 144 160 112 128 128 144 128 144 144 160 128 144 144 160 144 160 160 176 112 128 128 144 128 144 144 160 128 144 144 160 144 160 160 176 128 144 144 160 144 160 160 176 144 160 160 176 160 176 176 192 
 16  32  32  48  32  48  48  64  32  48  48  64  48  64  64  80  32  48  48  64  48  64  64  80  48  64  64  80  64  80  80  96  32  48  48  64  48  64  64  80  48  64  64  80  64  80  80  96  48  64  64  80  64  80  80  96  64  80  80  96  80  96  96 112  32  48  48  64  48  64  64  80  48  64  64  80  64  80  80  96  48  64  64  80  64  80  80  96  64  80  80  96  80  96  96 112  48  64  64  80  64  80  80  96  64  80  80  96  80  96  96 112  64  80  80  96  80  96  96 112  80  96  96 112  96 112 112 128  32  48  48  64  48  64  64  80  48  64  64  80  64  80  80  96  48  64  64  80  64  80  80  96  64  80  80  96  80  96  96 112  48  64  64  80  64  80  80  96  64  80  80  96  80  96  96 112  64  80  80  96  80  96  96 112  80  96  96 112  96 112 112 128  48  64  64  80  64  80  80  96  64  80  80  96  80  96  96 112  64  80  80  96  80  96  96 112  80  96  96 112  96 112 112 128  64  80  80  96  80  96  96 112  80  96  96 112  96 112 112 128  80  96  96 112  96 112 112 128  96 112 112 128 112 128 128 144 
 32  48  48  64  48  64  64  80  48  64  64  80  64  80  80  96  48  64  64  80  64  80  80  96  64  80  80  96  80  96  96 112  48  64  64  80  64  80  80  96  64  80  80  96  80  96  96 112  64  80  80  96  80  96  96 112  80  96  96 112  96 112 112 128  48  64  64  80  64  80  80  96  64  80  80  96  80  96  96 112  64  80  80  96  80  96  96 112  80  96  96 112  96 112 112 128  64  80  80  96  80  96  96 112  80  96  96 112  96 112 112 128  80  96  96 112  96 112 112 128  96 112 112 128 112 128 128 144  48  64  64  80  64  80  80  96  64  80  80  96  80  96  96 112  64  80  80  96  80  96  96 112  80  96  96 112  96 112 112 128  64  80  80  96  80  96  96 112  80  96  96 112  96 112 112 128  80  96  96 112  96 112 112 128  96 112 112 128 112 128 128 144  64  80  80  96  80  96  96 112  80  96  96 112  96 112 112 128  80  96  96 112  96 112 112 128  96 112 112 128 112 128 128 144  80  96  96 112  96 112 112 128  96 112 112 128 112 128 128 144  96 112 112 128 112 128 128 144 112 128 128 144 128 144 144 160 
 32  48  48  64  48  64  64  80  48  64  64  80  64  80  80  96  48  64  64  80  64  80  80  96  64  80  80  96  80  96  96 112  48  64  64  80  64  80  80  96  64  80  80  96  80  96  96 112  64  80  80  96  80  96  96 112  80  96  96 112  96 112 112 128  48  64  64  80  64  80  80  96  64  80  80  96  80  96  96 112  64  80  80  96  80  96  96 112  80  96  96 112  96 112 112 128  64  80  80  96  80  96  96 112  80  96  96 112  96 112 112 128  80  96  96 112  96 112 112 128  96 112 112 128 112 128 128 144  48  64  64  80  64  80  80  96  64  80  80  96  80  96  96 112  64  80  80  96  80  96  96 112  80  96  96 112  96 112 112 128  64  80  80  96  80  96  96 112  80  96  96 112  96 112 112 128  80  96  96 112  96 112 112 128  96 112 112 128 112 128 128 144  64  80  80  96  80  96  96 112  80  96  96 112  96 112 112 128  80  96  96 112  96 112 112 128  96 112 112 128 112 128 128 144  80  96  96 112  96 112 112 128  96 112 112 128 112 128 128 144  96 112 112 128 112 128 128 144 112 128 128 144 128 144 144 160 
 48  64  64  80  64  80  80  96  64  80  80  96  80  96  96 112  64  80  80  96  80  96  96 112  80  96  96 112  96 112 112 128  64  80  80  96  80  96  96 112  80  96  96 112  96 112 112 128  80  96  96 112  96 112 112 128  96 112 112 128 112 128 128 144  64  80  80  96  80  96  96 112  80  96  96 112  96 112 112 128  80  96  96 112  96 112 112 128  96 112 112 128 112 128 128 144  80  96  96 112  96 112 112 128  96 112 112 128 112 128 128 144  96 112 112 128 112 128 128 144 112 128 128 144 128 144 144 160  64  80  80  96  80  96  96 112  80  96  96 112  96 112 112 128  80  96  96 112  96 112 112 128  96 112 112 128 112 128 128 144  80  96  96 112  96 112 112 128  96 112 112 128 112 128 128 144  96 112 112 128 112 128 128 144 112 128 128 144 128 144 144 160  80  96  96 112  96 112 112 128  96 112 112 128 112 128 128 144  96 112 112 128 112 128 128 144 112 128 128 144 128 144 144 160  96 112 112 128 112 128 128 144 112 128 128 144 128 144 144 160 112 128 128 144 128 144 144 160 128 144 144 160 144 160 160 176 
 32  48  48  64  48  64  64  80  48  64  64  80  64  80  80  96  48  64  64  80  64  80  80  96  64  80  80  96  80  96  96 112  48  64  64  80  64  80  80  96  64  80  80  96  80  96  96 112  64  80  80  96  80  96  96 112  80  96  96 112  96 112 112 128  48  64  64  80  64  80  80  96  64  80  80  96  80  96  96 112  64  80  80  96  80  96  96 112  80  96  96 112  96 112 112 128  64  80  80  96  80  96  96 112  80  96  96 112  96 112 112 128  80  96  96 112  96 112 112 128  96 112 112 128 112 128 128 144  48  64  64  80  64  80  80  96  64  80  80  96  80  96  96 112  64  80  80  96  80  96  96 112  80  96  96 112  96 112 112 128  64  80  80  96  80  96  96 112  80  96  96 112  96 112 112 128  80  96  96 112  96 112 112 128  96 112 112 128 112 128 128 144  64  80  80  96  80  96  96 112  80  96  96 112  96 112 112 128  80  96  96 112  96 112 112 128  96 112 112 128 112 128 128 144  80  96  96 112  96 112 112 128  96 112 112 128 112 128 128 144  96 112 112 128 112 128 128 144 112 128 128 144 128 144 144 160 
 48  64  64  80  64  80  80  96  64  80  80  96  80  96  96 112  64  80  80  96  80  96  96 112  80  96  96 112  96 112 112 128  64  80  80  96  80  96  96 112  80  96  96 112  96 112 112 128  80  96  96 112  96 112 112 128  96 112 112 128 112 128 128 144  64  80  80  96  80  96  96 112  80  96  96 112  96 112 112 128  80  96  96 112  96 112 112 128  96 112 112 128 112 128 128 144  80  96  96 112  96 112 112 128  96 112 112 128 112 128 128 144  96 112 112 128 112 128 128 144 112 128 128 144 128 144 144 160  64  80  80  96  80  96  96 112  80  96  96 112  96 112 112 128  80  96  96 112  96 112 112 128  96 112 112 128 112 128 128 144  80  96  96 112  96 112 112 128  96 112 112 128 112 128 128 144  96 112 112 128 112 128 128 144 112 128 128 144 128 144 144 160  80  96  96 112  96 112 112 128  96 112 112 128 112 128 128 144  96 112 112 128 112 128 128 144 112 128 128 144 128 144 144 160  96 112 112 128 112 128 128 144 112 128 128 144 128 144 144 160 112 128 128 144 128 144 144 160 128 144 144 160 144 160 160 176 
 48  64  64  80  64  80  80  96  64  80  80  96  80  96  96 112  64  80  80  96  80  96  96 112  80  96  96 112  96 112 112 128  64  80  80  96  80  96  96 112  80  96  96 112  96 112 112 128  80  96  96 112  96 112 112 128  96 112 112 128 112 128 128 144  64  80  80  96  80  96  96 112  80  96  96 112  96 112 112 128  80  96  96 112  96 112 112 128  96 112 112 128 112 128 128 144  80  96  96 112  96 112 112 128  96 112 112 128 112 128 128 144  96 112 112 128 112 128 128 144 112 128 128 144 128 144 144 160  64  80  80  96  80  96  96 112  80  96  96 112  96 112 112 128  80  96  96 112  96 112 112 128  96 112 112 128 112 128 128 144  80  96  96 112  96 112 112 128  96 112 112 128 112 128 128 144  96 112 112 128 112 128 128 144 112 128 128 144 128 144 144 160  80  96  96 112  96 112 112 128  96 112 112 128 112 128 128 144  96 112 112 128 112 128 128 144 112 128 128 144 128 144 144 160  96 112 112 128 112 128 128 144 112 128 128 144 128 144 144 160 112 128 128 144 128 144 144 160 128 144 144 160 144 160 160 176 
 64  80  80  96  80  96  96 112  80  96  96 112  96 112 112 128  80  96  96 112  96 112 112 128  96 112 112 128 112 128 128 144  80  96  96 112  96 112 112 128  96 112 112 128 112 128 128 144  96 112 112 128 112 128 128 144 112 128 128 144 128 144 144 160  80  96  96 112  96 112 112 128  96 112 112 128 112 128 128 144  96 112 112 128 112 128 128 144 112 128 128 144 128 144 144 160  96 112 112 128 112 128 128 144 112 128 128 144 128 144 144 160 112 128 128 144 128 144 144 160 128 144 144 160 144 160 160 176  80  96  96 112  96 112 112 128  96 112 112 128 112 128 128 144  96 112 112 128 112 128 128 144 112 128 128 144 128 144 144 160  96 112 112 128 112 128 128 144 112 128 128 144 128 144 144 160 112 128 128 144 128 144 144 160 128 144 144 160 144 160 160 176  96 112 112 128 112 128 128 144 112 128 128 144 128 144 144 160 112 128 128 144 128 144 144 160 128 144 144 160 144 160 160 176 112 128 128 144 128 144 144 160 128 144 144 160 144 160 160 176 128 144 144 160 144 160 160 176 144 160 160 176 160 176 176 192 
 32  48  48  64  48  64  64  80  48  64  64  80  64  80  80  96  48  64  64  80  64  80  80  96  64  80  80  96  80  96  96 112  48  64  64  80  64  80  80  96  64  80  80  96  80  96  96 112  64  80  80  96  80  96  96 112  80  96  96 112  96 112 112 128  48  64  64  80  64  80  80  96  64  80  80  96  80  96  96 112  64  80  80  96  80  96  96 112  80  96  96 112  96 112 112 128  64  80  80  96  80  96  96 112  80  96  96 112  96 112 112 128  80  96  96 112  96 112 112 128  96 112 112 128 112 128 128 144  48  64  64  80  64  80  80  96  64  80  80  96  80  96  96 112  64  80  80  96  80  96  96 112  80  96  96 112  96 112 112 128  64  80  80  96  80  96  96 112  80  96  96 112  96 112 112 128  80  96  96 112  96 112 112 128  96 112 112 128 112 128 128 144  64  80  80  96  80  96  96 112  80  96  96 112  96 112 112 128  80  96  96 112  96 112 112 128  96 112 112 128 112 128 128 144  80  96  96 112  96 112 112 128  96 112 112 128 112 128 128 144  96 112 112 128 112 128 128 144 112 128 128 144 128 144 144 160 
 48  64  64  80  64  80  80  96  64  80  80  96  80  96  96 112  64  80  80  96  80  96  96 112  80  96  96 112  96 112 112 128  64  80  80  96  80  96  96 112  80  96  96 112  96 112 112 128  80  96  96 112  96 112 112 128  96 112 112 128 112 128 128 144  64  80  80  96  80  96  96 112  80  96  96 112  96 112 112 128  80  96  96 112  96 112 112 128  96 112 112 128 112 128 128 144  80  96  96 112  96 112 112 128  96 112 112 128 112 128 128 144  96 112 112 128 112 128 128 144 112 128 128 144 128 144 144 160  64  80  80  96  80  96  96 112  80  96  96 112  96 112 112 128  80  96  96 112  96 112 112 128  96 112 112 128 112 128 128 144  80  96  96 112  96 112 112 128  96 112 112 128 112 128 128 144  96 112 112 128 112 128 128 144 112 128 128 144 128 144 144 160  80  96  96 112  96 112 112 128  96 112 112 128 112 128 128 144  96 112 112 128 112 128 128 144 112 128 128 144 128 144 144 160  96 112 112 128 112 128 128 144 112 128 128 144 128 144 144 160 112 128 128 144 128 144 144 160 128 144 144 160 144 160 160 176 
 48  64  64  80  64  80  80  96  64  80  80  96  80  96  96 112  64  80  80  96  80  96  96 112  80  96  96 112  96 112 112 128  64  80  80  96  80  96  96 112  80  96  96 112  96 112 112 128  80  96  96 112  96 112 112 128  96 112 112 128 112 128 128 144  64  80  80  96  80  96  96 112  80  96  96 112  96 112 112 128  80  96  96 112  96 112 112 128  96 112 112 128 112 128 128 144  80  96  96 112  96 112 112 128  96 112 112 128 112 128 128 144  96 112 112 128 112 128 128 144 112 128 128 144 128 144 144 160  64  80  80  96  80  96  96 112  80  96  96 112  96 112 112 128  80  96  96 112  96 112 112 128  96 112 112 128 112 128 128 144  80  96  96 112  96 112 112 128  96 112 112 128 112 128 128 144  96 112 112 128 112 128 128 144 112 128 128 144 128 144 144 160  80  96  96 112  96 112 112 128  96 112 112 128 112 128 128 144  96 112 112 128 112 128 128 144 112 128 128 144 128 144 144 160  96 112 112 128 112 128 128 144 112 128 128 144 128 144 144 160 112 128 128 144 128 144 144 160 128 144 144 160 144 160 160 176 
 64  80  80  96  80  96  96 112  80  96  96 112  96 112 112 128  80  96  96 112  96 112 112 128  96 112 112 128 112 128 128 144  80  96  96 112  96 112 112 128  96 112 112 128 112 128 128 144  96 112 112 128 112 128 128 144 112 128 128 144 128 144 144 160  80  96  96 112  96 112 112 128  96 112 112 128 112 128 128 144  96 112 112 128 112 128 128 144 112 128 128 144 128 144 144 160  96 112 112 128 112 128 128 144 112 128 128 144 128 144 144 160 112 128 128 144 128 144 144 160 128 144 144 160 144 160 160 176  80  96  96 112  96 112 112 128  96 112 112 128 112 128 128 144  96 112 112 128 112 128 128 144 112 128 128 144 128 144 144 160  96 112 112 128 112 128 128 144 112 128 128 144 128 144 144 160 112 128 128 144 128 144 144 160 128 144 144 160 144 160 160 176  96 112 112 128 112 128 128 144 112 128 128 144 128 144 144 160 112 128 128 144 128 144 144 160 128 144 144 160 144 160 160 176 112 128 128 144 128 144 144 160 128 144 144 160 144 160 160 176 128 144 144 160 144 160 160 176 144 160 160 176 160 176 176 192 
 48  64  64  80  64  80  80  96  64  80  80  96  80  96  96 112  64  80  80  96  80  96  96 112  80  96  96 112  96 112 112 128  64  80  80  96  80  96  96 112  80  96  96 112  96 112 112 128  80  96  96 112  96 112 112 128  96 112 112 128 112 128 128 144  64  80  80  96  80  96  96 112  80  96  96 112  96 112 112 128  80  96  96 112  96 112 112 128  96 112 112 128 112 128 128 144  80  96  96 112  96 112 112 128  96 112 112 128 112 128 128 144  96 112 112 128 112 128 128 144 112 128 128 144 128 144 144 160  64  80  80  96  80  96  96 112  80  96  96 112  96 112 112 128  80  96  96 112  96 112 112 128  96 112 112 128 112 128 128 144  80  96  96 112  96 112 112 128  96 112 112 128 112 128 128 144  96 112 112 128 112 128 128 144 112 128 128 144 128 144 144 160  80  96  96 112  96 112 112 128  96 112 112 128 112 128 128 144  96 112 112 128 112 128 128 144 112 128 128 144 128 144 144 160  96 112 112 128 112 128 128 144 112 128 128 144 128 144 144 160 112 128 128 144 128 144 144 160 128 144 144 160 144 160 160 176 
 64  80  80  96  80  96  96 112  80  96  96 112  96 112 112 128  80  96  96 112  96 112 112 128  96 112 112 128 112 128 128 144  80  96  96 112  96 112 112 128  96 112 112 128 112 128 128 144  96 112 112 128 112 128 128 144 112 128 128 144 128 144 144 160  80  96  96 112  96 112 112 128  96 112 112 128 112 128 128 144  96 112 112 128 112 128 128 144 112 128 128 144 128 144 144 160  96 112 112 128 112 128 128 144 112 128 128 144 128 144 144 160 112 128 128 144 128 144 144 160 128 144 144 160 144 160 160 176  80  96  96 112  96 112 112 128  96 112 112 128 112 128 128 144  96 112 112 128 112 128 128 144 112 128 128 144 128 144 144 160  96 112 112 128 112 128 128 144 112 128 128 144 128 144 144 160 112 128 128 144 128 144 144 160 128 144 144 160 144 160 160 176  96 112 112 128 112 128 128 144 112 128 128 144 128 144 144 160 112 128 128 144 128 144 144 160 128 144 144 160 144 160 160 176 112 128 128 144 128 144 144 160 128 144 144 160 144 160 160 176 128 144 144 160 144 160 160 176 144 160 160 176 160 176 176 192 
 64  80  80  96  80  96  96 112  80  96  96 112  96 112 112 128  80  96  96 112  96 112 112 128  96 112 112 128 112 128 128 144  80  96  96 112  96 112 112 128  96 112 112 128 112 128 128 144  96 112 112 128 112 128 128 144 112 128 128 144 128 144 144 160  80  96  96 112  96 112 112 128  96 112 112 128 112 128 128 144  96 112 112 128 112 128 128 144 112 128 128 144 128 144 144 160  96 112 112 128 112 128 128 144 112 128 128 144 128 144 144 160 112 128 128 144 128 144 144 160 128 144 144 160 144 160 160 176  80  96  96 112  96 112 112 128  96 112 112 128 112 128 128 144  96 112 112 128 112 128 128 144 112 128 128 144 128 144 144 160  96 112 112 128 112 128 128 144 112 128 128 144 128 144 144 160 112 128 128 144 128 144 144 160 128 144 144 160 144 160 160 176  96 112 112 128 112 128 128 144 112 128 128 144 128 144 144 160 112 128 128 144 128 144 144 160 128 144 144 160 144 160 160 176 112 128 128 144 128 144 144 160 128 144 144 160 144 160 160 176 128 144 144 160 144 160 160 176 144 160 160 176 160 176 176 192 
 80  96  96 112  96 112 112 128  96 112 112 128 112 128 128 144  96 112 112 128 112 128 128 144 112 128 128 144 128 144 144 160  96 112 112 128 112 128 128 144 112 128 128 144 128 144 144 160 112 128 128 144 128 144 144 160 128 144 144 160 144 160 160 176  96 112 112 128 112 128 128 144 112 128 128 144 128 144 144 160 112 128 128 144 128 144 144 160 128 144 144 160 144 160 160 176 112 128 128 144 128 144 144 160 128 144 144 160 144 160 160 176 128 144 144 160 144 160 160 176 144 160 160 176 160 176 176 192  96 112 112 128 112 128 128 144 112 128 128 144 128 144 144 160 112 128 128 144 128 144 144 160 128 144 144 160 144 160 160 176 112 128 128 144 128 144 144 160 128 144 144 160 144 160 160 176 128 144 144 160 144 160 160 176 144 160 160 176 160 176 176 192 112 128 128 144 128 144 144 160 128 144 144 160 144 160 160 176 128 144 144 160 144 160 160 176 144 160 160 176 160 176 176 192 128 144 144 160 144 160 160 176 144 160 160 176 160 176 176 192 144 160 160 176 160 176 176 192 160 176 176 192 176 192 192 208 
 16  32  32  48  32  48  48  64  32  48  48  64  48  64  64  80  32  48  48  64  48  64  64  80  48  64  64  80  64  80  80  96  32  48  48  64  48  64  64  80  48  64  64  80  64  80  80  96  48  64  64  80  64  80  80  96  64  80  80  96  80  96  96 112  32  48  48  64  48  64  64  80  48  64  64  80  64  80  80  96  48  64  64  80  64  80  80  96  64  80  80  96  80  96  96 112  48  64  64  80  64  80  80  96  64  80  80  96  80  96  96 112  64  80  80  96  80  96  96 112  80  96  96 112  96 112 112 128  32  48  48  64  48  64  64  80  48  64  64  80  64  80  80  96  48  64  64  80  64  80  80  96  64  80  80  96  80  96  96 112  48  64  64  80  64  80  80  96  64  80  80  96  80  96  96 112  64  80  80  96  80  96  96 112  80  96  96 112  96 112 112 128  48  64  64  80  64  80  80  96  64  80  80  96  80  96  96 112  64  80  80  96  80  96  96 112  80  96  96 112  96 112 112 128  64  80  80  96  80  96  96 112  80  96  96 112  96 112 112 128  80  96  96 112  96 112 112 128  96 112 112 128 112 128 128 144 
 32  48  48  64  48  64  64  80  48  64  64  80  64  80  80  96  48  64  64  80  64  80  80  96  64  80  80  96  80  96  96 112  48  64  64  80  64  80  80  96  64  80  80  96  80  96  96 112  64  80  80  96  80  96  96 112  80  96  96 112  96 112 112 128  48  64  64  80  64  80  80  96  64  80  80  96  80  96  96 112  64  80  80  96  80  96  96 112  80  96  96 112  96 112 112 128  64  80  80  96  80  96  96 112  80  96  96 112  96 112 112 128  80  96  96 112  96 112 112 128  96 112 112 128 112 128 128 144  48  64  64  80  64  80  80  96  64  80  80  96  80  96  96 112  64  80  80  96  80  96  96 112  80  96  96 112  96 112 112 128  64  80  80  96  80  96  96 112  80  96  96 112  96 112 112 128  80  96  96 112  96 112 112 128  96 112 112 128 112 128 128 144  64  80  80  96  80  96  96 112  80  96  96 112  96 112 112 128  80  96  96 112  96 112 112 128  96 112 112 128 112 128 128 144  80  96  96 112  96 112 112 128  96 112 112 128 112 128 128 144  96 112 112 128 112 128 128 144 112 128 128 144 128 144 144 160 
 32  48  48  64  48  64  64  80  48  64  64  80  64  80  80  96  48  64  64  80  64  80  80  96  64  80  80  96  80  96  96 112  48  64  64  80  64  80  80  96  64  80  80  96  80  96  96 112  64  80  80  96  80  96  96 112  80  96  96 112  96 112 112 128  48  64  64  80  64  80  80  96  64  80  80  96  80  96  96 112  64  80  80  96  80  96  96 112  80  96  96 112  96 112 112 128  64  80  80  96  80  96  96 112  80  96  96 112  96 112 112 128  80  96  96 112  96 112 112 128  96 112 112 128 112 128 128 144  48  64  64  80  64  80  80  96  64  80  80  96  80  96  96 112  64  80  80  96  80  96  96 112  80  96  96 112  96 112 112 128  64  80  80  96  80  96  96 112  80  96  96 112  96 112 112 128  80  96  96 112  96 112 112 128  96 112 112 128 112 128 128 144  64  80  80  96  80  96  96 112  80  96  96 112  96 112 112 128  80  96  96 112  96 112 112 128  96 112 112 128 112 128 128 144  80  96  96 112  96 112 112 128  96 112 112 128 112 128 128 144  96 112 112 128 112 128 128 144 112 128 128 144 128 144 144 160 
 48  64  64  80  64  80  80  96  64  80  80  96  80  96  96 112  64  80  80  96  80  96  96 112  80  96  96 112  96 112 112 128  64  80  80  96  80  96  96 112  80  96  96 112  96 112 112 128  80  96  96 112  96 112 112 128  96 112 112 128 112 128 128 144  64  80  80  96  80  96  96 112  80  96  96 112  96 112 112 128  80  96  96 112  96 112 112 128  96 112 112 128 112 128 128 144  80  96  96 112  96 112 112 128  96 112 112 128 112 128 128 144  96 112 112 128 112 128 128 144 112 128 128 144 128 144 144 160  64  80  80  96  80  96  96 112  80  96  96 112  96 112 112 128  80  96  96 112  96 112 112 128  96 112 112 128 112 128 128 144  80  96  96 112  96 112 112 128  96 112 112 128 112 128 128 144  96 112 112 128 112 128 128 144 112 128 128 144 128 144 144 160  80  96  96 112  96 112 112 128  96 112 112 128 112 128 128 144  96 112 112 128 112 128 128 144 112 128 128 144 128 144 144 160  96 112 112 128 112 128 128 144 112 128 128 144 128 144 144 160 112 128 128 144 128 144 144 160 128 144 144 160 144 160 160 176 
 32  48  48  64  48  64  64  80  48  64  64  80  64  80  80  96  48  64  64  80  64  80  80  96  64  80  80  96  80  96  96 112  48  64  64  80  64  80  80  96  64  80  80  96  80  96  96 112  64  80  80  96  80  96  96 112  80  96  96 112  96 112 112 128  48  64  64  80  64  80  80  96  64  80  80  96  80  96  96 112  64  80  80  96  80  96  96 112  80  96  96 112  96 112 112 128  64  80  80  96  80  96  96 112  80  96  96 112  96 112 112 128  80  96  96 112  96 112 112 128  96 112 112 128 112 128 128 144  48  64  64  80  64  80  80  96  64  80  80  96  80  96  96 112  64  80  80  96  80  96  96 112  80  96  96 112  96 112 112 128  64  80  80  96  80  96  96 112  80  96  96 112  96 112 112 128  80  96  96 112  96 112 112 128  96 112 112 128 112 128 128 144  64  80  80  96  80  96  96 112  80  96  96 112  96 112 112 128  80  96  96 112  96 112 112 128  96 112 112 128 112 128 128 144  80  96  96 112  96 112 112 128  96 112 112 128 112 128 128 144  96 112 112 128 112 128 128 144 112 128 128 144 128 144 144 160 
 48  64  64  80  64  80  80  96  64  80  80  96  80  96  96 112  64  80  80  96  80  96  96 112  80  96  96 112  96 112 112 128  64  80  80  96  80  96  96 112  80  96  96 112  96 112 112 128  80  96  96 112  96 112 112 128  96 112 112 128 112 128 128 144  64  80  80  96  80  96  96 112  80  96  96 112  96 112 112 128  80  96  96 112  96 112 112 128  96 112 112 128 112 128 128 144  80  96  96 112  96 112 112 128  96 112 112 128 112 128 128 144  96 112 112 128 112 128 128 144 112 128 128 144 128 144 144 160  64  80  80  96  80  96  96 112  80  96  96 112  96 112 112 128  80  96  96 112  96 112 112 128  96 112 112 128 112 128 128 144  80  96  96 112  96 112 112 128  96 112 112 128 112 128 128 144  96 112 112 128 112 128 128 144 112 128 128 144 128 144 144 160  80  96  96 112  96 112 112 128  96 112 112 128 112 128 128 144  96 112 112 128 112 128 128 144 112 128 128 144 128 144 144 160  96 112 112 128 112 128 128 144 112 128 128 144 128 144 144 160 112 128 128 144 128 144 144 160 128 144 144 160 144 160 160 176 
 48  64  64  80  64  80  80  96  64  80  80  96  80  96  96 112  64  80  80  96  80  96  96 112  80  96  96 112  96 112 112 128  64  80  80  96  80  96  96 112  80  96  96 112  96 112 112 128  80  96  96 112  96 112 112 128  96 112 112 128 112 128 128 144  64  80  80  96  80  96  96 112  80  96  96 112  96 112 112 128  80  96  96 112  96 112 112 128  96 112 112 128 112 128 128 144  80  96  96 112  96 112 112 128  96 112 112 128 112 128 128 144  96 112 112 128 112 128 128 144 112 128 128 144 128 144 144 160  64  80  80  96  80  96  96 112  80  96  96 112  96 112 112 128  80  96  96 112  96 112 112 128  96 112 112 128 112 128 128 144  80  96  96 112  96 112 112 128  96 112 112 128 112 128 128 144  96 112 112 128 112 128 128 144 112 128 128 144 128 144 144 160  80  96  96 112  96 112 112 128  96 112 112 128 112 128 128 144  96 112 112 128 112 128 128 144 112 128 128 144 128 144 144 160  96 112 112 128 112 128 128 144 112 128 128 144 128 144 144 160 112 128 128 144 128 144 144 160 128 144 144 160 144 160 160 176 
 64  80  80  96  80  96  96 112  80  96  96 112  96 112 112 128  80  96  96 112  96 112 112 128  96 112 112 128 112 128 128 144  80  96  96 112  96 112 112 128  96 112 112 128 112 128 128 144  96 112 112 128 112 128 128 144 112 128 128 144 128 144 144 160  80  96  96 112  96 112 112 128  96 112 112 128 112 128 128 144  96 112 112 128 112 128 128 144 112 128 128 144 128 144 144 160  96 112 112 128 112 128 128 144 112 128 128 144 128 144 144 160 112 128 128 144 128 144 144 160 128 144 144 160 144 160 160 176  80  96  96 112  96 112 112 128  96 112 112 128 112 128 128 144  96 112 112 128 112 128 128 144 112 128 128 144 128 144 144 160  96 112 112 128 112 128 128 144 112 128 128 144 128 144 144 160 112 128 128 144 128 144 144 160 128 144 144 160 144 160 160 176  96 112 112 128 112 128 128 144 112 128 128 144 128 144 144 160 112 128 128 144 128 144 144 160 128 144 144 160 144 160 160 176 112 128 128 144 128 144 144 160 128 144 144 160 144 160 160 176 128 144 144 160 144 160 160 176 144 160 160 176 160 176 176 192 
 32  48  48  64  48  64  64  80  48  64  64  80  64  80  80  96  48  64  64  80  64  80  80  96  64  80  80  96  80  96  96 112  48  64  64  80  64  80  80  96  64  80  80  96  80  96  96 112  64  80  80  96  80  96  96 112  80  96  96 112  96 112 112 128  48  64  64  80  64  80  80  96  64  80  80  96  80  96  96 112  64  80  80  96  80  96  96 112  80  96  96 112  96 112 112 128  64  80  80  96  80  96  96 112  80  96  96 112  96 112 112 128  80  96  96 112  96 112 112 128  96 112 112 128 112 128 128 144  48  64  64  80  64  80  80  96  64  80  80  96  80  96  96 112  64  80  80  96  80  96  96 112  80  96  96 112  96 112 112 128  64  80  80  96  80  96  96 112  80  96  96 112  96 112 112 128  80  96  96 112  96 112 112 128  96 112 112 128 112 128 128 144  64  80  80  96  80  96  96 112  80  96  96 112  96 112 112 128  80  96  96 112  96 112 112 128  96 112 112 128 112 128 128 144  80  96  96 112  96 112 112 128  96 112 112 128 112 128 128 144  96 112 112 128 112 128 128 144 112 128 128 144 128 144 144 160 
 48  64  64  80  64  80  80  96  64  80  80  96  80  96  96 112  64  80  80  96  80  96  96 112  80  96  96 112  96 112 112 128  64  80  80  96  80  96  96 112  80  96  96 112  96 112 112 128  80  96  96 112  96 112 112 128  96 112 112 128 112 128 128 144  64  80  80  96  80  96  96 112  80  96  96 112  96 112 112 128  80  96  96 112  96 112 112 128  96 112 112 128 112 128 128 144  80  96  96 112  96 112 112 128  96 112 112 128 112 128 128 144  96 112 112 128 112 128 128 144 112 128 128 144 128 144 144 160  64  80  80  96  80  96  96 112  80  96  96 112  96 112 112 128  80  96  96 112  96 112 112 128  96 112 112 128 112 128 128 144  80  96  96 112  96 112 112 128  96 112 112 128 112 128 128 144  96 112 112 128 112 128 128 144 112 128 128 144 128 144 144 160  80  96  96 112  96 112 112 128  96 112 112 128 112 128 128 144  96 112 112 128 112 128 128 144 112 128 128 144 128 144 144 160  96 112 112 128 112 128 128 144 112 128 128 144 128 144 144 160 112 128 128 144 128 144 144 160 128 144 144 160 144 160 160 176 
 48  64  64  80  64  80  80  96  64  80  80  96  80  96  96 112  64  80  80  96  80  96  96 112  80  96  96 112  96 112 112 128  64  80  80  96  80  96  96 112  80  96  96 112  96 112 112 128  80  96  96 112  96 112 112 128  96 112 112 128 112 128 128 144  64  80  80  96  80  96  96 112  80  96  96 112  96 112 112 128  80  96  96 112  96 112 112 128  96 112 112 128 112 128 128 144  80  96  96 112  96 112 112 128  96 112 112 128 112 128 128 144  96 112 112 128 112 128 128 144 112 128 128 144 128 144 144 160  64  80  80  96  80  96  96 112  80  96  96 112  96 112 112 128  80  96  96 112  96 112 112 128  96 112 112 128 112 128 128 144  80  96  96 112  96 112 112 128  96 112 112 128 112 128 128 144  96 112 112 128 112 128 128 144 112 128 128 144 128 144 144 160  80  96  96 112  96 112 112 128  96 112 112 128 112 128 128 144  96 112 112 128 112 128 128 144 112 128 128 144 128 144 144 160  96 112 112 128 112 128 128 144 112 128 128 144 128 144 144 160 112 128 128 144 128 144 144 160 128 144 144 160 144 160 160 176 
 64  80  80  96  80  96  96 112  80  96  96 112  96 112 112 128  80  96  96 112  96 112 112 128  96 112 112 128 112 128 128 144  80  96  96 112  96 112 112 128  96 112 112 128 112 128 128 144  96 112 112 128 112 128 128 144 112 128 128 144 128 144 144 160  80  96  96 112  96 112 112 128  96 112 112 128 112 128 128 144  96 112 112 128 112 128 128 144 112 128 128 144 128 144 144 160  96 112 112 128 112 128 128 144 112 128 128 144 128 144 144 160 112 128 128 144 128 144 144 160 128 144 144 160 144 160 160 176  80  96  96 112  96 112 112 128  96 112 112 128 112 128 128 144  96 112 112 128 112 128 128 144 112 128 128 144 128 144 144 160  96 112 112 128 112 128 128 144 112 128 128 144 128 144 144 160 112 128 128 144 128 144 144 160 128 144 144 160 144 160 160 176  96 112 112 128 112 128 128 144 112 128 128 144 128 144 144 160 112 128 128 144 128 144 144 160 128 144 144 160 144 160 160 176 112 128 128 144 128 144 144 160 128 144 144 160 144 160 160 176 128 144 144 160 144 160 160 176 144 160 160 176 160 176 176 192 
 48  64  64  80  64  80  80  96  64  80  80  96  80  96  96 112  64  80  80  96  80  96  96 112  80  96  96 112  96 112 112 128  64  80  80  96  80  96  96 112  80  96  96 112  96 112 112 128  80  96  96 112  96 112 112 128  96 112 112 128 112 128 128 144  64  80  80  96  80  96  96 112  80  96  96 112  96 112 112 128  80  96  96 112  96 112 112 128  96 112 112 128 112 128 128 144  80  96  96 112  96 112 112 128  96 112 112 128 112 128 128 144  96 112 112 128 112 128 128 144 112 128 128 144 128 144 144 160  64  80  80  96  80  96  96 112  80  96  96 112  96 112 112 128  80  96  96 112  96 112 112 128  96 112 112 128 112 128 128 144  80  96  96 112  96 112 112 128  96 112 112 128 112 128 128 144  96 112 112 128 112 128 128 144 112 128 128 144 128 144 144 160  80  96  96 112  96 112 112 128  96 112 112 128 112 128 128 144  96 112 112 128 112 128 128 144 112 128 128 144 128 144 144 160  96 112 112 128 112 128 128 144 112 128 128 144 128 144 144 160 112 128 128 144 128 144 144 160 128 144 144 160 144 160 160 176 
 64  80  80  96  80  96  96 112  80  96  96 112  96 112 112 128  80  96  96 112  96 112 112 128  96 112 112 128 112 128 128 144  80  96  96 112  96 112 112 128  96 112 112 128 112 128 128 144  96 112 112 128 112 128 128 144 112 128 128 144 128 144 144 160  80  96  96 112  96 112 112 128  96 112 112 128 112 128 128 144  96 112 112 128 112 128 128 144 112 128 128 144 128 144 144 160  96 112 112 128 112 128 128 144 112 128 128 144 128 144 144 160 112 128 128 144 128 144 144 160 128 144 144 160 144 160 160 176  80  96  96 112  96 112 112 128  96 112 112 128 112 128 128 144  96 112 112 128 112 128 128 144 112 128 128 144 128 144 144 160  96 112 112 128 112 128 128 144 112 128 128 144 128 144 144 160 112 128 128 144 128 144 144 160 128 144 144 160 144 160 160 176  96 112 112 128 112 128 128 144 112 128 128 144 128 144 144 160 112 128 128 144 128 144 144 160 128 144 144 160 144 160 160 176 112 128 128 144 128 144 144 160 128 144 144 160 144 160 160 176 128 144 144 160 144 160 160 176 144 160 160 176 160 176 176 192 
 64  80  80  96  80  96  96 112  80  96  96 112  96 112 112 128  80  96  96 112  96 112 112 128  96 112 112 128 112 128 128 144  80  96  96 112  96 112 112 128  96 112 112 128 112 128 128 144  96 112 112 128 112 128 128 144 112 128 128 144 128 144 144 160  80  96  96 112  96 112 112 128  96 112 112 128 112 128 128 144  96 112 112 128 112 128 128 144 112 128 128 144 128 144 144 160  96 112 112 128 112 128 128 144 112 128 128 144 128 144 144 160 112 128 128 144 128 144 144 160 128 144 144 160 144 160 160 176  80  96  96 112  96 112 112 128  96 112 112 128 112 128 128 144  96 112 112 128 112 128 128 144 112 128 128 144 128 144 144 160  96 112 112 128 112 128 128 144 112 128 128 144 128 144 144 160 112 128 128 144 128 144 144 160 128 144 144 160 144 160 160 176  96 112 112 128 112 128 128 144 112 128 128 144 128 144 144 160 112 128 128 144 128 144 144 160 128 144 144 160 144 160 160 176 112 128 128 144 128 144 144 160 128 144 144 160 144 160 160 176 128 144 144 160 144 160 160 176 144 160 160 176 160 176 176 192 
 80  96  96 112  96 112 112 128  96 112 112 128 112 128 128 144  96 112 112 128 112 128 128 144 112 128 128 144 128 144 144 160  96 112 112 128 112 128 128 144 112 128 128 144 128 144 144 160 112 128 128 144 128 144 144 160 128 144 144 160 144 160 160 176  96 112 112 128 112 128 128 144 112 128 128 144 128 144 144 160 112 128 128 144 128 144 144 160 128 144 144 160 144 160 160 176 112 128 128 144 128 144 144 160 128 144 144 160 144 160 160 176 128 144 144 160 144 160 160 176 144 160 160 176 160 176 176 192  96 112 112 128 112 128 128 144 112 128 128 144 128 144 144 160 112 128 128 144 128 144 144 160 128 144 144 160 144 160 160 176 112 128 128 144 128 144 144 160 128 144 144 160 144 160 160 176 128 144 144 160 144 160 160 176 144 160 160 176 160 176 176 192 112 128 128 144 128 144 144 160 128 144 144 160 144 160 160 176 128 144 144 160 144 160 160 176 144 160 160 176 160 176 176 192 128 144 144 160 144 160 160 176 144 160 160 176 160 176 176 192 144 160 160 176 160 176 176 192 160 176 176 192 176 192 192 208 
 32  48  48  64  48  64  64  80  48  64  64  80  64  80  80  96  48  64  64  80  64  80  80  96  64  80  80  96  80  96  96 112  48  64  64  80  64  80  80  96  64  80  80  96  80  96  96 112  64  80  80  96  80  96  96 112  80  96  96 112  96 112 112 128  48  64  64  80  64  80  80  96  64  80  80  96  80  96  96 112  64  80  80  96  80  96  96 112  80  96  96 112  96 112 112 128  64  80  80  96  80  96  96 112  80  96  96 112  96 112 112 128  80  96  96 112  96 112 112 128  96 112 112 128 112 128 128 144  48  64  64  80  64  80  80  96  64  80  80  96  80  96  96 112  64  80  80  96  80  96  96 112  80  96  96 112  96 112 112 128  64  80  80  96  80  96  96 112  80  96  96 112  96 112 112 128  80  96  96 112  96 112 112 128  96 112 112 128 112 128 128 144  64  80  80  96  80  96  96 112  80  96  96 112  96 112 112 128  80  96  96 112  96 112 112 128  96 112 112 128 112 128 128 144  80  96  96 112  96 112 112 128  96 112 112 128 112 128 128 144  96 112 112 128 112 128 128 144 112 128 128 144 128 144 144 160 
 48  64  64  80  64  80  80  96  64  80  80  96  80  96  96 112  64  80  80  96  80  96  96 112  80  96  96 112  96 112 112 128  64  80  80  96  80  96  96 112  80  96  96 112  96 112 112 128  80  96  96 112  96 112 112 128  96 112 112 128 112 128 128 144  64  80  80  96  80  96  96 112  80  96  96 112  96 112 112 128  80  96  96 112  96 112 112 128  96 112 112 128 112 128 128 144  80  96  96 112  96 112 112 128  96 112 112 128 112 128 128 144  96 112 112 128 112 128 128 144 112 128 128 144 128 144 144 160  64  80  80  96  80  96  96 112  80  96  96 112  96 112 112 128  80  96  96 112  96 112 112 128  96 112 112 128 112 128 128 144  80  96  96 112  96 112 112 128  96 112 112 128 112 128 128 144  96 112 112 128 112 128 128 144 112 128 128 144 128 144 144 160  80  96  96 112  96 112 112 128  96 112 112 128 112 128 128 144  96 112 112 128 112 128 128 144 112 128 128 144 128 144 144 160  96 112 112 128 112 128 128 144 112 128 128 144 128 144 144 160 112 128 128 144 128 144 144 160 128 144 144 160 144 160 160 176 
 48  64  64  80  64  80  80  96  64  80  80  96  80  96  96 112  64  80  80  96  80  96  96 112  80  96  96 112  96 112 112 128  64  80  80  96  80  96  96 112  80  96  96 112  96 112 112 128  80  96  96 112  96 112 112 128  96 112 112 128 112 128 128 144  64  80  80  96  80  96  96 112  80  96  96 112  96 112 112 128  80  96  96 112  96 112 112 128  96 112 112 128 112 128 128 144  80  96  96 112  96 112 112 128  96 112 112 128 112 128 128 144  96 112 112 128 112 128 128 144 112 128 128 144 128 144 144 160  64  80  80  96  80  96  96 112  80  96  96 112  96 112 112 128  80  96  96 112  96 112 112 128  96 112 112 128 112 128 128 144  80  96  96 112  96 112 112 128  96 112 112 128 112 128 128 144  96 112 112 128 112 128 128 144 112 128 128 144 128 144 144 160  80  96  96 112  96 112 112 128  96 112 112 128 112 128 128 144  96 112 112 128 112 128 128 144 112 128 128 144 128 144 144 160  96 112 112 128 112 128 128 144 112 128 128 144 128 144 144 160 112 128 128 144 128 144 144 160 128 144 144 160 144 160 160 176 
 64  80  80  96  80  96  96 112  80  96  96 112  96 112 112 128  80  96  96 112  96 112 112 128  96 112 112 128 112 128 128 144  80  96  96 112  96 112 112 128  96 112 112 128 112 128 128 144  96 112 112 128 112 128 128 144 112 128 128 144 128 144 144 160  80  96  96 112  96 112 112 128  96 112 112 128 112 128 128 144  96 112 112 128 112 128 128 144 112 128 128 144 128 144 144 160  96 112 112 128 112 128 128 144 112 128 128 144 128 144 144 160 112 128 128 144 128 144 144 160 128 144 144 160 144 160 160 176  80  96  96 112  96 112 112 128  96 112 112 128 112 128 128 144  96 112 112 128 112 128 128 144 112 128 128 144 128 144 144 160  96 112 112 128 112 128 128 144 112 128 128 144 128 144 144 160 112 128 128 144 128 144 144 160 128 144 144 160 144 160 160 176  96 112 112 128 112 128 128 144 112 128 128 144 128 144 144 160 112 128 128 144 128 144 144 160 128 144 144 160 144 160 160 176 112 128 128 144 128 144 144 160 128 144 144 160 144 160 160 176 128 144 144 160 144 160 160 176 144 160 160 176 160 176 176 192 
 48  64  64  80  64  80  80  96  64  80  80  96  80  96  96 112  64  80  80  96  80  96  96 112  80  96  96 112  96 112 112 128  64  80  80  96  80  96  96 112  80  96  96 112  96 112 112 128  80  96  96 112  96 112 112 128  96 112 112 128 112 128 128 144  64  80  80  96  80  96  96 112  80  96  96 112  96 112 112 128  80  96  96 112  96 112 112 128  96 112 112 128 112 128 128 144  80  96  96 112  96 112 112 128  96 112 112 128 112 128 128 144  96 112 112 128 112 128 128 144 112 128 128 144 128 144 144 160  64  80  80  96  80  96  96 112  80  96  96 112  96 112 112 128  80  96  96 112  96 112 112 128  96 112 112 128 112 128 128 144  80  96  96 112  96 112 112 128  96 112 112 128 112 128 128 144  96 112 112 128 112 128 128 144 112 128 128 144 128 144 144 160  80  96  96 112  96 112 112 128  96 112 112 128 112 128 128 144  96 112 112 128 112 128 128 144 112 128 128 144 128 144 144 160  96 112 112 128 112 128 128 144 112 128 128 144 128 144 144 160 112 128 128 144 128 144 144 160 128 144 144 160 144 160 160 176 
 64  80  80  96  80  96  96 112  80  96  96 112  96 112 112 128  80  96  96 112  96 112 112 128  96 112 112 128 112 128 128 144  80  96  96 112  96 112 112 128  96 112 112 128 112 128 128 144  96 112 112 128 112 128 128 144 112 128 128 144 128 144 144 160  80  96  96 112  96 112 112 128  96 112 112 128 112 128 128 144  96 112 112 128 112 128 128 144 112 128 128 144 128 144 144 160  96 112 112 128 112 128 128 144 112 128 128 144 128 144 144 160 112 128 128 144 128 144 144 160 128 144 144 160 144 160 160 176  80  96  96 112  96 112 112 128  96 112 112 128 112 128 128 144  96 112 112 128 112 128 128 144 112 128 128 144 128 144 144 160  96 112 112 128 112 128 128 144 112 128 128 144 128 144 144 160 112 128 128 144 128 144 144 160 128 144 144 160 144 160 160 176  96 112 112 128 112 128 128 144 112 128 128 144 128 144 144 160 112 128 128 144 128 144 144 160 128 144 144 160 144 160 160 176 112 128 128 144 128 144 144 160 128 144 144 160 144 160 160 176 128 144 144 160 144 160 160 176 144 160 160 176 160 176 176 192 
 64  80  80  96  80  96  96 112  80  96  96 112  96 112 112 128  80  96  96 112  96 112 112 128  96 112 112 128 112 128 128 144  80  96  96 112  96 112 112 128  96 112 112 128 112 128 128 144  96 112 112 128 112 128 128 144 112 128 128 144 128 144 144 160  80  96  96 112  96 112 112 128  96 112 112 128 112 128 128 144  96 112 112 128 112 128 128 144 112 128 128 144 128 144 144 160  96 112 112 128 112 128 128 144 112 128 128 144 128 144 144 160 112 128 128 144 128 144 144 160 128 144 144 160 144 160 160 176  80  96  96 112  96 112 112 128  96 112 112 128 112 128 128 144  96 112 112 128 112 128 128 144 112 128 128 144 128 144 144 160  96 112 112 128 112 128 128 144 112 128 128 144 128 144 144 160 112 128 128 144 128 144 144 160 128 144 144 160 144 160 160 176  96 112 112 128 112 128 128 144 112 128 128 144 128 144 144 160 112 128 128 144 128 144 144 160 128 144 144 160 144 160 160 176 112 128 128 144 128 144 144 160 128 144 144 160 144 160 160 176 128 144 144 160 144 160 160 176 144 160 160 176 160 176 176 192 
 80  96  96 112  96 112 112 128  96 112 112 128 112 128 128 144  96 112 112 128 112 128 128 144 112 128 128 144 128 144 144 160  96 112 112 128 112 128 128 144 112 128 128 144 128 144 144 160 112 128 128 144 128 144 144 160 128 144 144 160 144 160 160 176  96 112 112 128 112 128 128 144 112 128 128 144 128 144 144 160 112 128 128 144 128 144 144 160 128 144 144 160 144 160 160 176 112 128 128 144 128 144 144 160 128 144 144 160 144 160 160 176 128 144 144 160 144 160 160 176 144 160 160 176 160 176 176 192  96 112 112 128 112 128 128 144 112 128 128 144 128 144 144 160 112 128 128 144 128 144 144 160 128 144 144 160 144 160 160 176 112 128 128 144 128 144 144 160 128 144 144 160 144 160 160 176 128 144 144 160 144 160 160 176 144 160 160 176 160 176 176 192 112 128 128 144 128 144 144 160 128 144 144 160 144 160 160 176 128 144 144 160 144 160 160 176 144 160 160 176 160 176 176 192 128 144 144 160 144 160 160 176 144 160 160 176 160 176 176 192 144 160 160 176 160 176 176 192 160 176 176 192 176 192 192 208 
 48  64  64  80  64  80  80  96  64  80  80  96  80  96  96 112  64  80  80  96  80  96  96 112  80  96  96 112  96 112 112 128  64  80  80  96  80  96  96 112  80  96  96 112  96 112 112 128  80  96  96 112  96 112 112 128  96 112 112 128 112 128 128 144  64  80  80  96  80  96  96 112  80  96  96 112  96 112 112 128  80  96  96 112  96 112 112 128  96 112 112 128 112 128 128 144  80  96  96 112  96 112 112 128  96 112 112 128 112 128 128 144  96 112 112 128 112 128 128 144 112 128 128 144 128 144 144 160  64  80  80  96  80  96  96 112  80  96  96 112  96 112 112 128  80  96  96 112  96 112 112 128  96 112 112 128 112 128 128 144  80  96  96 112  96 112 112 128  96 112 112 128 112 128 128 144  96 112 112 128 112 128 128 144 112 128 128 144 128 144 144 160  80  96  96 112  96 112 112 128  96 112 112 128 112 128 128 144  96 112 112 128 112 128 128 144 112 128 128 144 128 144 144 160  96 112 112 128 112 128 128 144 112 128 128 144 128 144 144 160 112 128 128 144 128 144 144 160 128 144 144 160 144 160 160 176 
 64  80  80  96  80  96  96 112  80  96  96 112  96 112 112 128  80  96  96 112  96 112 112 128  96 112 112 128 112 128 128 144  80  96  96 112  96 112 112 128  96 112 112 128 112 128 128 144  96 112 112 128 112 128 128 144 112 128 128 144 128 144 144 160  80  96  96 112  96 112 112 128  96 112 112 128 112 128 128 144  96 112 112 128 112 128 128 144 112 128 128 144 128 144 144 160  96 112 112 128 112 128 128 144 112 128 128 144 128 144 144 160 112 128 128 144 128 144 144 160 128 144 144 160 144 160 160 176  80  96  96 112  96 112 112 128  96 112 112 128 112 128 128 144  96 112 112 128 112 128 128 144 112 128 128 144 128 144 144 160  96 112 112 128 112 128 128 144 112 128 128 144 128 144 144 160 112 128 128 144 128 144 144 160 128 144 144 160 144 160 160 176  96 112 112 128 112 128 128 144 112 128 128 144 128 144 144 160 112 128 128 144 128 144 144 160 128 144 144 160 144 160 160 176 112 128 128 144 128 144 144 160 128 144 144 160 144 160 160 176 128 144 144 160 144 160 160 176 144 160 160 176 160 176 176 192 
 64  80  80  96  80  96  96 112  80  96  96 112  96 112 112 128  80  96  96 112  96 112 112 128  96 112 112 128 112 128 128 144  80  96  96 112  96 112 112 128  96 112 112 128 112 128 128 144  96 112 112 128 112 128 128 144 112 128 128 144 128 144 144 160  80  96  96 112  96 112 112 128  96 112 112 128 112 128 128 144  96 112 112 128 112 128 128 144 112 128 128 144 128 144 144 160  96 112 112 128 112 128 128 144 112 128 128 144 128 144 144 160 112 128 128 144 128 144 144 160 128 144 144 160 144 160 160 176  80  96  96 112  96 112 112 128  96 112 112 128 112 128 128 144  96 112 112 128 112 128 128 144 112 128 128 144 128 144 144 160  96 112 112 128 112 128 128 144 112 128 128 144 128 144 144 160 112 128 128 144 128 144 144 160 128 144 144 160 144 160 160 176  96 112 112 128 112 128 128 144 112 128 128 144 128 144 144 160 112 128 128 144 128 144 144 160 128 144 144 160 144 160 160 176 112 128 128 144 128 144 144 160 128 144 144 160 144 160 160 176 128 144 144 160 144 160 160 176 144 160 160 176 160 176 176 192 
 80  96  96 112  96 112 112 128  96 112 112 128 112 128 128 144  96 112 112 128 112 128 128 144 112 128 128 144 128 144 144 160  96 112 112 128 112 128 128 144 112 128 128 144 128 144 144 160 112 128 128 144 128 144 144 160 128 144 144 160 144 160 160 176  96 112 112 128 112 128 128 144 112 128 128 144 128 144 144 160 112 128 128 144 128 144 144 160 128 144 144 160 144 160 160 176 112 128 128 144 128 144 144 160 128 144 144 160 144 160 160 176 128 144 144 160 144 160 160 176 144 160 160 176 160 176 176 192  96 112 112 128 112 128 128 144 112 128 128 144 128 144 144 160 112 128 128 144 128 144 144 160 128 144 144 160 144 160 160 176 112 128 128 144 128 144 144 160 128 144 144 160 144 160 160 176 128 144 144 160 144 160 160 176 144 160 160 176 160 176 176 192 112 128 128 144 128 144 144 160 128 144 144 160 144 160 160 176 128 144 144 160 144 160 160 176 144 160 160 176 160 176 176 192 128 144 144 160 144 160 160 176 144 160 160 176 160 176 176 192 144 160 160 176 160 176 176 192 160 176 176 192 176 192 192 208 
 64  80  80  96  80  96  96 112  80  96  96 112  96 112 112 128  80  96  96 112  96 112 112 128  96 112 112 128 112 128 128 144  80  96  96 112  96 112 112 128  96 112 112 128 112 128 128 144  96 112 112 128 112 128 128 144 112 128 128 144 128 144 144 160  80  96  96 112  96 112 112 128  96 112 112 128 112 128 128 144  96 112 112 128 112 128 128 144 112 128 128 144 128 144 144 160  96 112 112 128 112 128 128 144 112 128 128 144 128 144 144 160 112 128 128 144 128 144 144 160 128 144 144 160 144 160 160 176  80  96  96 112  96 112 112 128  96 112 112 128 112 128 128 144  96 112 112 128 112 128 128 144 112 128 128 144 128 144 144 160  96 112 112 128 112 128 128 144 112 128 128 144 128 144 144 160 112 128 128 144 128 144 144 160 128 144 144 160 144 160 160 176  96 112 112 128 112 128 128 144 112 128 128 144 128 144 144 160 112 128 128 144 128 144 144 160 128 144 144 160 144 160 160 176 112 128 128 144 128 144 144 160 128 144 144 160 144 160 160 176 128 144 144 160 144 160 160 176 144 160 160 176 160 176 176 192 
 80  96  96 112  96 112 112 128  96 112 112 128 112 128 128 144  96 112 112 128 112 128 128 144 112 128 128 144 128 144 144 160  96 112 112 128 112 128 128 144 112 128 128 144 128 144 144 160 112 128 128 144 128 144 144 160 128 144 144 160 144 160 160 176  96 112 112 128 112 128 128 144 112 128 128 144 128 144 144 160 112 128 128 144 128 144 144 160 128 144 144 160 144 160 160 176 112 128 128 144 128 144 144 160 128 144 144 160 144 160 160 176 128 144 144 160 144 160 160 176 144 160 160 176 160 176 176 192  96 112 112 128 112 128 128 144 112 128 128 144 128 144 144 160 112 128 128 144 128 144 144 160 128 144 144 160 144 160 160 176 112 128 128 144 128 144 144 160 128 144 144 160 144 160 160 176 128 144 144 160 144 160 160 176 144 160 160 176 160 176 176 192 112 128 128 144 128 144 144 160 128 144 144 160 144 160 160 176 128 144 144 160 144 160 160 176 144 160 160 176 160 176 176 192 128 144 144 160 144 160 160 176 144 160 160 176 160 176 176 192 144 160 160 176 160 176 176 192 160 176 176 192 176 192 192 208 
 80  96  96 112  96 112 112 128  96 112 112 128 112 128 128 144  96 112 112 128 112 128 128 144 112 128 128 144 128 144 144 160  96 112 112 128 112 128 128 144 112 128 128 144 128 144 144 160 112 128 128 144 128 144 144 160 128 144 144 160 144 160 160 176  96 112 112 128 112 128 128 144 112 128 128 144 128 144 144 160 112 128 128 144 128 144 144 160 128 144 144 160 144 160 160 176 112 128 128 144 128 144 144 160 128 144 144 160 144 160 160 176 128 144 144 160 144 160 160 176 144 160 160 176 160 176 176 192  96 112 112 128 112 128 128 144 112 128 128 144 128 144 144 160 112 128 128 144 128 144 144 160 128 144 144 160 144 160 160 176 112 128 128 144 128 144 144 160 128 144 144 160 144 160 160 176 128 144 144 160 144 160 160 176 144 160 160 176 160 176 176 192 112 128 128 144 128 144 144 160 128 144 144 160 144 160 160 176 128 144 144 160 144 160 160 176 144 160 160 176 160 176 176 192 128 144 144 160 144 160 160 176 144 160 160 176 160 176 176 192 144 160 160 176 160 176 176 192 160 176 176 192 176 192 192 208 
 96 112 112 128 112 128 128 144 112 128 128 144 128 144 144 160 112 128 128 144 128 144 144 160 128 144 144 160 144 160 160 176 112 128 128 144 128 144 144 160 128 144 144 160 144 160 160 176 128 144 144 160 144 160 160 176 144 160 160 176 160 176 176 192 112 128 128 144 128 144 144 160 128 144 144 160 144 160 160 176 128 144 144 160 144 160 160 176 144 160 160 176 160 176 176 192 128 144 144 160 144 160 160 176 144 160 160 176 160 176 176 192 144 160 160 176 160 176 176 192 160 176 176 192 176 192 192 208 112 128 128 144 128 144 144 160 128 144 144 160 144 160 160 176 128 144 144 160 144 160 160 176 144 160 160 176 160 176 176 192 128 144 144 160 144 160 160 176 144 160 160 176 160 176 176 192 144 160 160 176 160 176 176 192 160 176 176 192 176 192 192 208 128 144 144 160 144 160 160 176 144 160 160 176 160 176 176 192 144 160 160 176 160 176 176 192 160 176 176 192 176 192 192 208 144 160 160 176 160 176 176 192 160 176 176 192 176 192 192 208 160 176 176 192 176 192 192 208 176 192 192 208 192 208 208 224 
 16  32  32  48  32  48  48  64  32  48  48  64  48  64  64  80  32  48  48  64  48  64  64  80  48  64  64  80  64  80  80  96  32  48  48  64  48  64  64  80  48  64  64  80  64  80  80  96  48  64  64  80  64  80  80  96  64  80  80  96  80  96  96 112  32  48  48  64  48  64  64  80  48  64  64  80  64  80  80  96  48  64  64  80  64  80  80  96  64  80  80  96  80  96  96 112  48  64  64  80  64  80  80  96  64  80  80  96  80  96  96 112  64  80  80  96  80  96  96 112  80  96  96 112  96 112 112 128  32  48  48  64  48  64  64  80  48  64  64  80  64  80  80  96  48  64  64  80  64  80  80  96  64  80  80  96  80  96  96 112  48  64  64  80  64  80  80  96  64  80  80  96  80  96  96 112  64  80  80  96  80  96  96 112  80  96  96 112  96 112 112 128  48  64  64  80  64  80  80  96  64  80  80  96  80  96  96 112  64  80  80  96  80  96  96 112  80  96  96 112  96 112 112 128  64  80  80  96  80  96  96 112  80  96  96 112  96 112 112 128  80  96  96 112  96 112 112 128  96 112 112 128 112 128 128 144 
 32  48  48  64  48  64  64  80  48  64  64  80  64  80  80  96  48  64  64  80  64  80  80  96  64  80  80  96  80  96  96 112  48  64  64  80  64  80  80  96  64  80  80  96  80  96  96 112  64  80  80  96  80  96  96 112  80  96  96 112  96 112 112 128  48  64  64  80  64  80  80  96  64  80  80  96  80  96  96 112  64  80  80  96  80  96  96 112  80  96  96 112  96 112 112 128  64  80  80  96  80  96  96 112  80  96  96 112  96 112 112 128  80  96  96 112  96 112 112 128  96 112 112 128 112 128 128 144  48  64  64  80  64  80  80  96  64  80  80  96  80  96  96 112  64  80  80  96  80  96  96 112  80  96  96 112  96 112 112 128  64  80  80  96  80  96  96 112  80  96  96 112  96 112 112 128  80  96  96 112  96 112 112 128  96 112 112 128 112 128 128 144  64  80  80  96  80  96  96 112  80  96  96 112  96 112 112 128  80  96  96 112  96 112 112 128  96 112 112 128 112 128 128 144  80  96  96 112  96 112 112 128  96 112 112 128 112 128 128 144  96 112 112 128 112 128 128 144 112 128 128 144 128 144 144 160 
 32  48  48  64  48  64  64  80  48  64  64  80  64  80  80  96  48  64  64  80  64  80  80  96  64  80  80  96  80  96  96 112  48  64  64  80  64  80  80  96  64  80  80  96  80  96  96 112  64  80  80  96  80  96  96 112  80  96  96 112  96 112 112 128  48  64  64  80  64  80  80  96  64  80  80  96  80  96  96 112  64  80  80  96  80  96  96 112  80  96  96 112  96 112 112 128  64  80  80  96  80  96  96 112  80  96  96 112  96 112 112 128  80  96  96 112  96 112 112 128  96 112 112 128 112 128 128 144  48  64  64  80  64  80  80  96  64  80  80  96  80  96  96 112  64  80  80  96  80  96  96 112  80  96  96 112  96 112 112 128  64  80  80  96  80  96  96 112  80  96  96 112  96 112 112 128  80  96  96 112  96 112 112 128  96 112 112 128 112 128 128 144  64  80  80  96  80  96  96 112  80  96  96 112  96 112 112 128  80  96  96 112  96 112 112 128  96 112 112 128 112 128 128 144  80  96  96 112  96 112 112 128  96 112 112 128 112 128 128 144  96 112 112 128 112 128 128 144 112 128 128 144 128 144 144 160 
 48  64  64  80  64  80  80  96  64  80  80  96  80  96  96 112  64  80  80  96  80  96  96 112  80  96  96 112  96 112 112 128  64  80  80  96  80  96  96 112  80  96  96 112  96 112 112 128  80  96  96 112  96 112 112 128  96 112 112 128 112 128 128 144  64  80  80  96  80  96  96 112  80  96  96 112  96 112 112 128  80  96  96 112  96 112 112 128  96 112 112 128 112 128 128 144  80  96  96 112  96 112 112 128  96 112 112 128 112 128 128 144  96 112 112 128 112 128 128 144 112 128 128 144 128 144 144 160  64  80  80  96  80  96  96 112  80  96  96 112  96 112 112 128  80  96  96 112  96 112 112 128  96 112 112 128 112 128 128 144  80  96  96 112  96 112 112 128  96 112 112 128 112 128 128 144  96 112 112 128 112 128 128 144 112 128 128 144 128 144 144 160  80  96  96 112  96 112 112 128  96 112 112 128 112 128 128 144  96 112 112 128 112 128 128 144 112 128 128 144 128 144 144 160  96 112 112 128 112 128 128 144 112 128 128 144 128 144 144 160 112 128 128 144 128 144 144 160 128 144 144 160 144 160 160 176 
 32  48  48  64  48  64  64  80  48  64  64  80  64  80  80  96  48  64  64  80  64  80  80  96  64  80  80  96  80  96  96 112  48  64  64  80  64  80  80  96  64  80  80  96  80  96  96 112  64  80  80  96  80  96  96 112  80  96  96 112  96 112 112 128  48  64  64  80  64  80  80  96  64  80  80  96  80  96  96 112  64  80  80  96  80  96  96 112  80  96  96 112  96 112 112 128  64  80  80  96  80  96  96 112  80  96  96 112  96 112 112 128  80  96  96 112  96 112 112 128  96 112 112 128 112 128 128 144  48  64  64  80  64  80  80  96  64  80  80  96  80  96  96 112  64  80  80  96  80  96  96 112  80  96  96 112  96 112 112 128  64  80  80  96  80  96  96 112  80  96  96 112  96 112 112 128  80  96  96 112  96 112 112 128  96 112 112 128 112 128 128 144  64  80  80  96  80  96  96 112  80  96  96 112  96 112 112 128  80  96  96 112  96 112 112 128  96 112 112 128 112 128 128 144  80  96  96 112  96 112 112 128  96 112 112 128 112 128 128 144  96 112 112 128 112 128 128 144 112 128 128 144 128 144 144 160 
 48  64  64  80  64  80  80  96  64  80  80  96  80  96  96 112  64  80  80  96  80  96  96 112  80  96  96 112  96 112 112 128  64  80  80  96  80  96  96 112  80  96  96 112  96 112 112 128  80  96  96 112  96 112 112 128  96 112 112 128 112 128 128 144  64  80  80  96  80  96  96 112  80  96  96 112  96 112 112 128  80  96  96 112  96 112 112 128  96 112 112 128 112 128 128 144  80  96  96 112  96 112 112 128  96 112 112 128 112 128 128 144  96 112 112 128 112 128 128 144 112 128 128 144 128 144 144 160  64  80  80  96  80  96  96 112  80  96  96 112  96 112 112 128  80  96  96 112  96 112 112 128  96 112 112 128 112 128 128 144  80  96  96 112  96 112 112 128  96 112 112 128 112 128 128 144  96 112 112 128 112 128 128 144 112 128 128 144 128 144 144 160  80  96  96 112  96 112 112 128  96 112 112 128 112 128 128 144  96 112 112 128 112 128 128 144 112 128 128 144 128 144 144 160  96 112 112 128 112 128 128 144 112 128 128 144 128 144 144 160 112 128 128 144 128 144 144 160 128 144 144 160 144 160 160 176 
 48  64  64  80  64  80  80  96  64  80  80  96  80  96  96 112  64  80  80  96  80  96  96 112  80  96  96 112  96 112 112 128  64  80  80  96  80  96  96 112  80  96  96 112  96 112 112 128  80  96  96 112  96 112 112 128  96 112 112 128 112 128 128 144  64  80  80  96  80  96  96 112  80  96  96 112  96 112 112 128  80  96  96 112  96 112 112 128  96 112 112 128 112 128 128 144  80  96  96 112  96 112 112 128  96 112 112 128 112 128 128 144  96 112 112 128 112 128 128 144 112 128 128 144 128 144 144 160  64  80  80  96  80  96  96 112  80  96  96 112  96 112 112 128  80  96  96 112  96 112 112 128  96 112 112 128 112 128 128 144  80  96  96 112  96 112 112 128  96 112 112 128 112 128 128 144  96 112 112 128 112 128 128 144 112 128 128 144 128 144 144 160  80  96  96 112  96 112 112 128  96 112 112 128 112 128 128 144  96 112 112 128 112 128 128 144 112 128 128 144 128 144 144 160  96 112 112 128 112 128 128 144 112 128 128 144 128 144 144 160 112 128 128 144 128 144 144 160 128 144 144 160 144 160 160 176 
 64  80  80  96  80  96  96 112  80  96  96 112  96 112 112 128  80  96  96 112  96 112 112 128  96 112 112 128 112 128 128 144  80  96  96 112  96 112 112 128  96 112 112 128 112 128 128 144  96 112 112 128 112 128 128 144 112 128 128 144 128 144 144 160  80  96  96 112  96 112 112 128  96 112 112 128 112 128 128 144  96 112 112 128 112 128 128 144 112 128 128 144 128 144 144 160  96 112 112 128 112 128 128 144 112 128 128 144 128 144 144 160 112 128 128 144 128 144 144 160 128 144 144 160 144 160 160 176  80  96  96 112  96 112 112 128  96 112 112 128 112 128 128 144  96 112 112 128 112 128 128 144 112 128 128 144 128 144 144 160  96 112 112 128 112 128 128 144 112 128 128 144 128 144 144 160 112 128 128 144 128 144 144 160 128 144 144 160 144 160 160 176  96 112 112 128 112 128 128 144 112 128 128 144 128 144 144 160 112 128 128 144 128 144 144 160 128 144 144 160 144 160 160 176 112 128 128 144 128 144 144 160 128 144 144 160 144 160 160 176 128 144 144 160 144 160 160 176 144 160 160 176 160 176 176 192 
 32  48  48  64  48  64  64  80  48  64  64  80  64  80  80  96  48  64  64  80  64  80  80  96  64  80  80  96  80  96  96 112  48  64  64  80  64  80  80  96  64  80  80  96  80  96  96 112  64  80  80  96  80  96  96 112  80  96  96 112  96 112 112 128  48  64  64  80  64  80  80  96  64  80  80  96  80  96  96 112  64  80  80  96  80  96  96 112  80  96  96 112  96 112 112 128  64  80  80  96  80  96  96 112  80  96  96 112  96 112 112 128  80  96  96 112  96 112 112 128  96 112 112 128 112 128 128 144  48  64  64  80  64  80  80  96  64  80  80  96  80  96  96 112  64  80  80  96  80  96  96 112  80  96  96 112  96 112 112 128  64  80  80  96  80  96  96 112  80  96  96 112  96 112 112 128  80  96  96 112  96 112 112 128  96 112 112 128 112 128 128 144  64  80  80  96  80  96  96 112  80  96  96 112  96 112 112 128  80  96  96 112  96 112 112 128  96 112 112 128 112 128 128 144  80  96  96 112  96 112 112 128  96 112 112 128 112 128 128 144  96 112 112 128 112 128 128 144 112 128 128 144 128 144 144 160 
 48  64  64  80  64  80  80  96  64  80  80  96  80  96  96 112  64  80  80  96  80  96  96 112  80  96  96 112  96 112 112 128  64  80  80  96  80  96  96 112  80  96  96 112  96 112 112 128  80  96  96 112  96 112 112 128  96 112 112 128 112 128 128 144  64  80  80  96  80  96  96 112  80  96  96 112  96 112 112 128  80  96  96 112  96 112 112 128  96 112 112 128 112 128 128 144  80  96  96 112  96 112 112 128  96 112 112 128 112 128 128 144  96 112 112 128 112 128 128 144 112 128 128 144 128 144 144 160  64  80  80  96  80  96  96 112  80  96  96 112  96 112 112 128  80  96  96 112  96 112 112 128  96 112 112 128 112 128 128 144  80  96  96 112  96 112 112 128  96 112 112 128 112 128 128 144  96 112 112 128 112 128 128 144 112 128 128 144 128 144 144 160  80  96  96 112  96 112 112 128  96 112 112 128 112 128 128 144  96 112 112 128 112 128 128 144 112 128 128 144 128 144 144 160  96 112 112 128 112 128 128 144 112 128 128 144 128 144 144 160 112 128 128 144 128 144 144 160 128 144 144 160 144 160 160 176 
 48  64  64  80  64  80  80  96  64  80  80  96  80  96  96 112  64  80  80  96  80  96  96 112  80  96  96 112  96 112 112 128  64  80  80  96  80  96  96 112  80  96  96 112  96 112 112 128  80  96  96 112  96 112 112 128  96 112 112 128 112 128 128 144  64  80  80  96  80  96  96 112  80  96  96 112  96 112 112 128  80  96  96 112  96 112 112 128  96 112 112 128 112 128 128 144  80  96  96 112  96 112 112 128  96 112 112 128 112 128 128 144  96 112 112 128 112 128 128 144 112 128 128 144 128 144 144 160  64  80  80  96  80  96  96 112  80  96  96 112  96 112 112 128  80  96  96 112  96 112 112 128  96 112 112 128 112 128 128 144  80  96  96 112  96 112 112 128  96 112 112 128 112 128 128 144  96 112 112 128 112 128 128 144 112 128 128 144 128 144 144 160  80  96  96 112  96 112 112 128  96 112 112 128 112 128 128 144  96 112 112 128 112 128 128 144 112 128 128 144 128 144 144 160  96 112 112 128 112 128 128 144 112 128 128 144 128 144 144 160 112 128 128 144 128 144 144 160 128 144 144 160 144 160 160 176 
 64  80  80  96  80  96  96 112  80  96  96 112  96 112 112 128  80  96  96 112  96 112 112 128  96 112 112 128 112 128 128 144  80  96  96 112  96 112 112 128  96 112 112 128 112 128 128 144  96 112 112 128 112 128 128 144 112 128 128 144 128 144 144 160  80  96  96 112  96 112 112 128  96 112 112 128 112 128 128 144  96 112 112 128 112 128 128 144 112 128 128 144 128 144 144 160  96 112 112 128 112 128 128 144 112 128 128 144 128 144 144 160 112 128 128 144 128 144 144 160 128 144 144 160 144 160 160 176  80  96  96 112  96 112 112 128  96 112 112 128 112 128 128 144  96 112 112 128 112 128 128 144 112 128 128 144 128 144 144 160  96 112 112 128 112 128 128 144 112 128 128 144 128 144 144 160 112 128 128 144 128 144 144 160 128 144 144 160 144 160 160 176  96 112 112 128 112 128 128 144 112 128 128 144 128 144 144 160 112 128 128 144 128 144 144 160 128 144 144 160 144 160 160 176 112 128 128 144 128 144 144 160 128 144 144 160 144 160 160 176 128 144 144 160 144 160 160 176 144 160 160 176 160 176 176 192 
 48  64  64  80  64  80  80  96  64  80  80  96  80  96  96 112  64  80  80  96  80  96  96 112  80  96  96 112  96 112 112 128  64  80  80  96  80  96  96 112  80  96  96 112  96 112 112 128  80  96  96 112  96 112 112 128  96 112 112 128 112 128 128 144  64  80  80  96  80  96  96 112  80  96  96 112  96 112 112 128  80  96  96 112  96 112 112 128  96 112 112 128 112 128 128 144  80  96  96 112  96 112 112 128  96 112 112 128 112 128 128 144  96 112 112 128 112 128 128 144 112 128 128 144 128 144 144 160  64  80  80  96  80  96  96 112  80  96  96 112  96 112 112 128  80  96  96 112  96 112 112 128  96 112 112 128 112 128 128 144  80  96  96 112  96 112 112 128  96 112 112 128 112 128 128 144  96 112 112 128 112 128 128 144 112 128 128 144 128 144 144 160  80  96  96 112  96 112 112 128  96 112 112 128 112 128 128 144  96 112 112 128 112 128 128 144 112 128 128 144 128 144 144 160  96 112 112 128 112 128 128 144 112 128 128 144 128 144 144 160 112 128 128 144 128 144 144 160 128 144 144 160 144 160 160 176 
 64  80  80  96  80  96  96 112  80  96  96 112  96 112 112 128  80  96  96 112  96 112 112 128  96 112 112 128 112 128 128 144  80  96  96 112  96 112 112 128  96 112 112 128 112 128 128 144  96 112 112 128 112 128 128 144 112 128 128 144 128 144 144 160  80  96  96 112  96 112 112 128  96 112 112 128 112 128 128 144  96 112 112 128 112 128 128 144 112 128 128 144 128 144 144 160  96 112 112 128 112 128 128 144 112 128 128 144 128 144 144 160 112 128 128 144 128 144 144 160 128 144 144 160 144 160 160 176  80  96  96 112  96 112 112 128  96 112 112 128 112 128 128 144  96 112 112 128 112 128 128 144 112 128 128 144 128 144 144 160  96 112 112 128 112 128 128 144 112 128 128 144 128 144 144 160 112 128 128 144 128 144 144 160 128 144 144 160 144 160 160 176  96 112 112 128 112 128 128 144 112 128 128 144 128 144 144 160 112 128 128 144 128 144 144 160 128 144 144 160 144 160 160 176 112 128 128 144 128 144 144 160 128 144 144 160 144 160 160 176 128 144 144 160 144 160 160 176 144 160 160 176 160 176 176 192 
 64  80  80  96  80  96  96 112  80  96  96 112  96 112 112 128  80  96  96 112  96 112 112 128  96 112 112 128 112 128 128 144  80  96  96 112  96 112 112 128  96 112 112 128 112 128 128 144  96 112 112 128 112 128 128 144 112 128 128 144 128 144 144 160  80  96  96 112  96 112 112 128  96 112 112 128 112 128 128 144  96 112 112 128 112 128 128 144 112 128 128 144 128 144 144 160  96 112 112 128 112 128 128 144 112 128 128 144 128 144 144 160 112 128 128 144 128 144 144 160 128 144 144 160 144 160 160 176  80  96  96 112  96 112 112 128  96 112 112 128 112 128 128 144  96 112 112 128 112 128 128 144 112 128 128 144 128 144 144 160  96 112 112 128 112 128 128 144 112 128 128 144 128 144 144 160 112 128 128 144 128 144 144 160 128 144 144 160 144 160 160 176  96 112 112 128 112 128 128 144 112 128 128 144 128 144 144 160 112 128 128 144 128 144 144 160 128 144 144 160 144 160 160 176 112 128 128 144 128 144 144 160 128 144 144 160 144 160 160 176 128 144 144 160 144 160 160 176 144 160 160 176 160 176 176 192 
 80  96  96 112  96 112 112 128  96 112 112 128 112 128 128 144  96 112 112 128 112 128 128 144 112 128 128 144 128 144 144 160  96 112 112 128 112 128 128 144 112 128 128 144 128 144 144 160 112 128 128 144 128 144 144 160 128 144 144 160 144 160 160 176  96 112 112 128 112 128 128 144 112 128 128 144 128 144 144 160 112 128 128 144 128 144 144 160 128 144 144 160 144 160 160 176 112 128 128 144 128 144 144 160 128 144 144 160 144 160 160 176 128 144 144 160 144 160 160 176 144 160 160 176 160 176 176 192  96 112 112 128 112 128 128 144 112 128 128 144 128 144 144 160 112 128 128 144 128 144 144 160 128 144 144 160 144 160 160 176 112 128 128 144 128 144 144 160 128 144 144 160 144 160 160 176 128 144 144 160 144 160 160 176 144 160 160 176 160 176 176 192 112 128 128 144 128 144 144 160 128 144 144 160 144 160 160 176 128 144 144 160 144 160 160 176 144 160 160 176 160 176 176 192 128 144 144 160 144 160 160 176 144 160 160 176 160 176 176 192 144 160 160 176 160 176 176 192 160 176 176 192 176 192 192 208 
 32  48  48  64  48  64  64  80  48  64  64  80  64  80  80  96  48  64  64  80  64  80  80  96  64  80  80  96  80  96  96 112  48  64  64  80  64  80  80  96  64  80  80  96  80  96  96 112  64  80  80  96  80  96  96 112  80  96  96 112  96 112 112 128  48  64  64  80  64  80  80  96  64  80  80  96  80  96  96 112  64  80  80  96  80  96  96 112  80  96  96 112  96 112 112 128  64  80  80  96  80  96  96 112  80  96  96 112  96 112 112 128  80  96  96 112  96 112 112 128  96 112 112 128 112 128 128 144  48  64  64  80  64  80  80  96  64  80  80  96  80  96  96 112  64  80  80  96  80  96  96 112  80  96  96 112  96 112 112 128  64  80  80  96  80  96  96 112  80  96  96 112  96 112 112 128  80  96  96 112  96 112 112 128  96 112 112 128 112 128 128 144  64  80  80  96  80  96  96 112  80  96  96 112  96 112 112 128  80  96  96 112  96 112 112 128  96 112 112 128 112 128 128 144  80  96  96 112  96 112 112 128  96 112 112 128 112 128 128 144  96 112 112 128 112 128 128 144 112 128 128 144 128 144 144 160 
 48  64  64  80  64  80  80  96  64  80  80  96  80  96  96 112  64  80  80  96  80  96  96 112  80  96  96 112  96 112 112 128  64  80  80  96  80  96  96 112  80  96  96 112  96 112 112 128  80  96  96 112  96 112 112 128  96 112 112 128 112 128 128 144  64  80  80  96  80  96  96 112  80  96  96 112  96 112 112 128  80  96  96 112  96 112 112 128  96 112 112 128 112 128 128 144  80  96  96 112  96 112 112 128  96 112 112 128 112 128 128 144  96 112 112 128 112 128 128 144 112 128 128 144 128 144 144 160  64  80  80  96  80  96  96 112  80  96  96 112  96 112 112 128  80  96  96 112  96 112 112 128  96 112 112 128 112 128 128 144  80  96  96 112  96 112 112 128  96 112 112 128 112 128 128 144  96 112 112 128 112 128 128 144 112 128 128 144 128 144 144 160  80  96  96 112  96 112 112 128  96 112 112 128 112 128 128 144  96 112 112 128 112 128 128 144 112 128 128 144 128 144 144 160  96 112 112 128 112 128 128 144 112 128 128 144 128 144 144 160 112 128 128 144 128 144 144 160 128 144 144 160 144 160 160 176 
 48  64  64  80  64  80  80  96  64  80  80  96  80  96  96 112  64  80  80  96  80  96  96 112  80  96  96 112  96 112 112 128  64  80  80  96  80  96  96 112  80  96  96 112  96 112 112 128  80  96  96 112  96 112 112 128  96 112 112 128 112 128 128 144  64  80  80  96  80  96  96 112  80  96  96 112  96 112 112 128  80  96  96 112  96 112 112 128  96 112 112 128 112 128 128 144  80  96  96 112  96 112 112 128  96 112 112 128 112 128 128 144  96 112 112 128 112 128 128 144 112 128 128 144 128 144 144 160  64  80  80  96  80  96  96 112  80  96  96 112  96 112 112 128  80  96  96 112  96 112 112 128  96 112 112 128 112 128 128 144  80  96  96 112  96 112 112 128  96 112 112 128 112 128 128 144  96 112 112 128 112 128 128 144 112 128 128 144 128 144 144 160  80  96  96 112  96 112 112 128  96 112 112 128 112 128 128 144  96 112 112 128 112 128 128 144 112 128 128 144 128 144 144 160  96 112 112 128 112 128 128 144 112 128 128 144 128 144 144 160 112 128 128 144 128 144 144 160 128 144 144 160 144 160 160 176 
 64  80  80  96  80  96  96 112  80  96  96 112  96 112 112 128  80  96  96 112  96 112 112 128  96 112 112 128 112 128 128 144  80  96  96 112  96 112 112 128  96 112 112 128 112 128 128 144  96 112 112 128 112 128 128 144 112 128 128 144 128 144 144 160  80  96  96 112  96 112 112 128  96 112 112 128 112 128 128 144  96 112 112 128 112 128 128 144 112 128 128 144 128 144 144 160  96 112 112 128 112 128 128 144 112 128 128 144 128 144 144 160 112 128 128 144 128 144 144 160 128 144 144 160 144 160 160 176  80  96  96 112  96 112 112 128  96 112 112 128 112 128 128 144  96 112 112 128 112 128 128 144 112 128 128 144 128 144 144 160  96 112 112 128 112 128 128 144 112 128 128 144 128 144 144 160 112 128 128 144 128 144 144 160 128 144 144 160 144 160 160 176  96 112 112 128 112 128 128 144 112 128 128 144 128 144 144 160 112 128 128 144 128 144 144 160 128 144 144 160 144 160 160 176 112 128 128 144 128 144 144 160 128 144 144 160 144 160 160 176 128 144 144 160 144 160 160 176 144 160 160 176 160 176 176 192 
 48  64  64  80  64  80  80  96  64  80  80  96  80  96  96 112  64  80  80  96  80  96  96 112  80  96  96 112  96 112 112 128  64  80  80  96  80  96  96 112  80  96  96 112  96 112 112 128  80  96  96 112  96 112 112 128  96 112 112 128 112 128 128 144  64  80  80  96  80  96  96 112  80  96  96 112  96 112 112 128  80  96  96 112  96 112 112 128  96 112 112 128 112 128 128 144  80  96  96 112  96 112 112 128  96 112 112 128 112 128 128 144  96 112 112 128 112 128 128 144 112 128 128 144 128 144 144 160  64  80  80  96  80  96  96 112  80  96  96 112  96 112 112 128  80  96  96 112  96 112 112 128  96 112 112 128 112 128 128 144  80  96  96 112  96 112 112 128  96 112 112 128 112 128 128 144  96 112 112 128 112 128 128 144 112 128 128 144 128 144 144 160  80  96  96 112  96 112 112 128  96 112 112 128 112 128 128 144  96 112 112 128 112 128 128 144 112 128 128 144 128 144 144 160  96 112 112 128 112 128 128 144 112 128 128 144 128 144 144 160 112 128 128 144 128 144 144 160 128 144 144 160 144 160 160 176 
 64  80  80  96  80  96  96 112  80  96  96 112  96 112 112 128  80  96  96 112  96 112 112 128  96 112 112 128 112 128 128 144  80  96  96 112  96 112 112 128  96 112 112 128 112 128 128 144  96 112 112 128 112 128 128 144 112 128 128 144 128 144 144 160  80  96  96 112  96 112 112 128  96 112 112 128 112 128 128 144  96 112 112 128 112 128 128 144 112 128 128 144 128 144 144 160  96 112 112 128 112 128 128 144 112 128 128 144 128 144 144 160 112 128 128 144 128 144 144 160 128 144 144 160 144 160 160 176  80  96  96 112  96 112 112 128  96 112 112 128 112 128 128 144  96 112 112 128 112 128 128 144 112 128 128 144 128 144 144 160  96 112 112 128 112 128 128 144 112 128 128 144 128 144 144 160 112 128 128 144 128 144 144 160 128 144 144 160 144 160 160 176  96 112 112 128 112 128 128 144 112 128 128 144 128 144 144 160 112 128 128 144 128 144 144 160 128 144 144 160 144 160 160 176 112 128 128 144 128 144 144 160 128 144 144 160 144 160 160 176 128 144 144 160 144 160 160 176 144 160 160 176 160 176 176 192 
 64  80  80  96  80  96  96 112  80  96  96 112  96 112 112 128  80  96  96 112  96 112 112 128  96 112 112 128 112 128 128 144  80  96  96 112  96 112 112 128  96 112 112 128 112 128 128 144  96 112 112 128 112 128 128 144 112 128 128 144 128 144 144 160  80  96  96 112  96 112 112 128  96 112 112 128 112 128 128 144  96 112 112 128 112 128 128 144 112 128 128 144 128 144 144 160  96 112 112 128 112 128 128 144 112 128 128 144 128 144 144 160 112 128 128 144 128 144 144 160 128 144 144 160 144 160 160 176  80  96  96 112  96 112 112 128  96 112 112 128 112 128 128 144  96 112 112 128 112 128 128 144 112 128 128 144 128 144 144 160  96 112 112 128 112 128 128 144 112 128 128 144 128 144 144 160 112 128 128 144 128 144 144 160 128 144 144 160 144 160 160 176  96 112 112 128 112 128 128 144 112 128 128 144 128 144 144 160 112 128 128 144 128 144 144 160 128 144 144 160 144 160 160 176 112 128 128 144 128 144 144 160 128 144 144 160 144 160 160 176 128 144 144 160 144 160 160 176 144 160 160 176 160 176 176 192 
 80  96  96 112  96 112 112 128  96 112 112 128 112 128 128 144  96 112 112 128 112 128 128 144 112 128 128 144 128 144 144 160  96 112 112 128 112 128 128 144 112 128 128 144 128 144 144 160 112 128 128 144 128 144 144 160 128 144 144 160 144 160 160 176  96 112 112 128 112 128 128 144 112 128 128 144 128 144 144 160 112 128 128 144 128 144 144 160 128 144 144 160 144 160 160 176 112 128 128 144 128 144 144 160 128 144 144 160 144 160 160 176 128 144 144 160 144 160 160 176 144 160 160 176 160 176 176 192  96 112 112 128 112 128 128 144 112 128 128 144 128 144 144 160 112 128 128 144 128 144 144 160 128 144 144 160 144 160 160 176 112 128 128 144 128 144 144 160 128 144 144 160 144 160 160 176 128 144 144 160 144 160 160 176 144 160 160 176 160 176 176 192 112 128 128 144 128 144 144 160 128 144 144 160 144 160 160 176 128 144 144 160 144 160 160 176 144 160 160 176 160 176 176 192 128 144 144 160 144 160 160 176 144 160 160 176 160 176 176 192 144 160 160 176 160 176 176 192 160 176 176 192 176 192 192 208 
 48  64  64  80  64  80  80  96  64  80  80  96  80  96  96 112  64  80  80  96  80  96  96 112  80  96  96 112  96 112 112 128  64  80  80  96  80  96  96 112  80  96  96 112  96 112 112 128  80  96  96 112  96 112 112 128  96 112 112 128 112 128 128 144  64  80  80  96  80  96  96 112  80  96  96 112  96 112 112 128  80  96  96 112  96 112 112 128  96 112 112 128 112 128 128 144  80  96  96 112  96 112 112 128  96 112 112 128 112 128 128 144  96 112 112 128 112 128 128 144 112 128 128 144 128 144 144 160  64  80  80  96  80  96  96 112  80  96  96 112  96 112 112 128  80  96  96 112  96 112 112 128  96 112 112 128 112 128 128 144  80  96  96 112  96 112 112 128  96 112 112 128 112 128 128 144  96 112 112 128 112 128 128 144 112 128 128 144 128 144 144 160  80  96  96 112  96 112 112 128  96 112 112 128 112 128 128 144  96 112 112 128 112 128 128 144 112 128 128 144 128 144 144 160  96 112 112 128 112 128 128 144 112 128 128 144 128 144 144 160 112 128 128 144 128 144 144 160 128 144 144 160 144 160 160 176 
 64  80  80  96  80  96  96 112  80  96  96 112  96 112 112 128  80  96  96 112  96 112 112 128  96 112 112 128 112 128 128 144  80  96  96 112  96 112 112 128  96 112 112 128 112 128 128 144  96 112 112 128 112 128 128 144 112 128 128 144 128 144 144 160  80  96  96 112  96 112 112 128  96 112 112 128 112 128 128 144  96 112 112 128 112 128 128 144 112 128 128 144 128 144 144 160  96 112 112 128 112 128 128 144 112 128 128 144 128 144 144 160 112 128 128 144 128 144 144 160 128 144 144 160 144 160 160 176  80  96  96 112  96 112 112 128  96 112 112 128 112 128 128 144  96 112 112 128 112 128 128 144 112 128 128 144 128 144 144 160  96 112 112 128 112 128 128 144 112 128 128 144 128 144 144 160 112 128 128 144 128 144 144 160 128 144 144 160 144 160 160 176  96 112 112 128 112 128 128 144 112 128 128 144 128 144 144 160 112 128 128 144 128 144 144 160 128 144 144 160 144 160 160 176 112 128 128 144 128 144 144 160 128 144 144 160 144 160 160 176 128 144 144 160 144 160 160 176 144 160 160 176 160 176 176 192 
 64  80  80  96  80  96  96 112  80  96  96 112  96 112 112 128  80  96  96 112  96 112 112 128  96 112 112 128 112 128 128 144  80  96  96 112  96 112 112 128  96 112 112 128 112 128 128 144  96 112 112 128 112 128 128 144 112 128 128 144 128 144 144 160  80  96  96 112  96 112 112 128  96 112 112 128 112 128 128 144  96 112 112 128 112 128 128 144 112 128 128 144 128 144 144 160  96 112 112 128 112 128 128 144 112 128 128 144 128 144 144 160 112 128 128 144 128 144 144 160 128 144 144 160 144 160 160 176  80  96  96 112  96 112 112 128  96 112 112 128 112 128 128 144  96 112 112 128 112 128 128 144 112 128 128 144 128 144 144 160  96 112 112 128 112 128 128 144 112 128 128 144 128 144 144 160 112 128 128 144 128 144 144 160 128 144 144 160 144 160 160 176  96 112 112 128 112 128 128 144 112 128 128 144 128 144 144 160 112 128 128 144 128 144 144 160 128 144 144 160 144 160 160 176 112 128 128 144 128 144 144 160 128 144 144 160 144 160 160 176 128 144 144 160 144 160 160 176 144 160 160 176 160 176 176 192 
 80  96  96 112  96 112 112 128  96 112 112 128 112 128 128 144  96 112 112 128 112 128 128 144 112 128 128 144 128 144 144 160  96 112 112 128 112 128 128 144 112 128 128 144 128 144 144 160 112 128 128 144 128 144 144 160 128 144 144 160 144 160 160 176  96 112 112 128 112 128 128 144 112 128 128 144 128 144 144 160 112 128 128 144 128 144 144 160 128 144 144 160 144 160 160 176 112 128 128 144 128 144 144 160 128 144 144 160 144 160 160 176 128 144 144 160 144 160 160 176 144 160 160 176 160 176 176 192  96 112 112 128 112 128 128 144 112 128 128 144 128 144 144 160 112 128 128 144 128 144 144 160 128 144 144 160 144 160 160 176 112 128 128 144 128 144 144 160 128 144 144 160 144 160 160 176 128 144 144 160 144 160 160 176 144 160 160 176 160 176 176 192 112 128 128 144 128 144 144 160 128 144 144 160 144 160 160 176 128 144 144 160 144 160 160 176 144 160 160 176 160 176 176 192 128 144 144 160 144 160 160 176 144 160 160 176 160 176 176 192 144 160 160 176 160 176 176 192 160 176 176 192 176 192 192 208 
 64  80  80  96  80  96  96 112  80  96  96 112  96 112 112 128  80  96  96 112  96 112 112 128  96 112 112 128 112 128 128 144  80  96  96 112  96 112 112 128  96 112 112 128 112 128 128 144  96 112 112 128 112 128 128 144 112 128 128 144 128 144 144 160  80  96  96 112  96 112 112 128  96 112 112 128 112 128 128 144  96 112 112 128 112 128 128 144 112 128 128 144 128 144 144 160  96 112 112 128 112 128 128 144 112 128 128 144 128 144 144 160 112 128 128 144 128 144 144 160 128 144 144 160 144 160 160 176  80  96  96 112  96 112 112 128  96 112 112 128 112 128 128 144  96 112 112 128 112 128 128 144 112 128 128 144 128 144 144 160  96 112 112 128 112 128 128 144 112 128 128 144 128 144 144 160 112 128 128 144 128 144 144 160 128 144 144 160 144 160 160 176  96 112 112 128 112 128 128 144 112 128 128 144 128 144 144 160 112 128 128 144 128 144 144 160 128 144 144 160 144 160 160 176 112 128 128 144 128 144 144 160 128 144 144 160 144 160 160 176 128 144 144 160 144 160 160 176 144 160 160 176 160 176 176 192 
 80  96  96 112  96 112 112 128  96 112 112 128 112 128 128 144  96 112 112 128 112 128 128 144 112 128 128 144 128 144 144 160  96 112 112 128 112 128 128 144 112 128 128 144 128 144 144 160 112 128 128 144 128 144 144 160 128 144 144 160 144 160 160 176  96 112 112 128 112 128 128 144 112 128 128 144 128 144 144 160 112 128 128 144 128 144 144 160 128 144 144 160 144 160 160 176 112 128 128 144 128 144 144 160 128 144 144 160 144 160 160 176 128 144 144 160 144 160 160 176 144 160 160 176 160 176 176 192  96 112 112 128 112 128 128 144 112 128 128 144 128 144 144 160 112 128 128 144 128 144 144 160 128 144 144 160 144 160 160 176 112 128 128 144 128 144 144 160 128 144 144 160 144 160 160 176 128 144 144 160 144 160 160 176 144 160 160 176 160 176 176 192 112 128 128 144 128 144 144 160 128 144 144 160 144 160 160 176 128 144 144 160 144 160 160 176 144 160 160 176 160 176 176 192 128 144 144 160 144 160 160 176 144 160 160 176 160 176 176 192 144 160 160 176 160 176 176 192 160 176 176 192 176 192 192 208 
 80  96  96 112  96 112 112 128  96 112 112 128 112 128 128 144  96 112 112 128 112 128 128 144 112 128 128 144 128 144 144 160  96 112 112 128 112 128 128 144 112 128 128 144 128 144 144 160 112 128 128 144 128 144 144 160 128 144 144 160 144 160 160 176  96 112 112 128 112 128 128 144 112 128 128 144 128 144 144 160 112 128 128 144 128 144 144 160 128 144 144 160 144 160 160 176 112 128 128 144 128 144 144 160 128 144 144 160 144 160 160 176 128 144 144 160 144 160 160 176 144 160 160 176 160 176 176 192  96 112 112 128 112 128 128 144 112 128 128 144 128 144 144 160 112 128 128 144 128 144 144 160 128 144 144 160 144 160 160 176 112 128 128 144 128 144 144 160 128 144 144 160 144 160 160 176 128 144 144 160 144 160 160 176 144 160 160 176 160 176 176 192 112 128 128 144 128 144 144 160 128 144 144 160 144 160 160 176 128 144 144 160 144 160 160 176 144 160 160 176 160 176 176 192 128 144 144 160 144 160 160 176 144 160 160 176 160 176 176 192 144 160 160 176 160 176 176 192 160 176 176 192 176 192 192 208 
 96 112 112 128 112 128 128 144 112 128 128 144 128 144 144 160 112 128 128 144 128 144 144 160 128 144 144 160 144 160 160 176 112 128 128 144 128 144 144 160 128 144 144 160 144 160 160 176 128 144 144 160 144 160 160 176 144 160 160 176 160 176 176 192 112 128 128 144 128 144 144 160 128 144 144 160 144 160 160 176 128 144 144 160 144 160 160 176 144 160 160 176 160 176 176 192 128 144 144 160 144 160 160 176 144 160 160 176 160 176 176 192 144 160 160 176 160 176 176 192 160 176 176 192 176 192 192 208 112 128 128 144 128 144 144 160 128 144 144 160 144 160 160 176 128 144 144 160 144 160 160 176 144 160 160 176 160 176 176 192 128 144 144 160 144 160 160 176 144 160 160 176 160 176 176 192 144 160 160 176 160 176 176 192 160 176 176 192 176 192 192 208 128 144 144 160 144 160 160 176 144 160 160 176 160 176 176 192 144 160 160 176 160 176 176 192 160 176 176 192 176 192 192 208 144 160 160 176 160 176 176 192 160 176 176 192 176 192 192 208 160 176 176 192 176 192 192 208 176 192 192 208 192 208 208 224 
 32  48  48  64  48  64  64  80  48  64  64  80  64  80  80  96  48  64  64  80  64  80  80  96  64  80  80  96  80  96  96 112  48  64  64  80  64  80  80  96  64  80  80  96  80  96  96 112  64  80  80  96  80  96  96 112  80  96  96 112  96 112 112 128  48  64  64  80  64  80  80  96  64  80  80  96  80  96  96 112  64  80  80  96  80  96  96 112  80  96  96 112  96 112 112 128  64  80  80  96  80  96  96 112  80  96  96 112  96 112 112 128  80  96  96 112  96 112 112 128  96 112 112 128 112 128 128 144  48  64  64  80  64  80  80  96  64  80  80  96  80  96  96 112  64  80  80  96  80  96  96 112  80  96  96 112  96 112 112 128  64  80  80  96  80  96  96 112  80  96  96 112  96 112 112 128  80  96  96 112  96 112 112 128  96 112 112 128 112 128 128 144  64  80  80  96  80  96  96 112  80  96  96 112  96 112 112 128  80  96  96 112  96 112 112 128  96 112 112 128 112 128 128 144  80  96  96 112  96 112 112 128  96 112 112 128 112 128 128 144  96 112 112 128 112 128 128 144 112 128 128 144 128 144 144 160 
 48  64  64  80  64  80  80  96  64  80  80  96  80  96  96 112  64  80  80  96  80  96  96 112  80  96  96 112  96 112 112 128  64  80  80  96  80  96  96 112  80  96  96 112  96 112 112 128  80  96  96 112  96 112 112 128  96 112 112 128 112 128 128 144  64  80  80  96  80  96  96 112  80  96  96 112  96 112 112 128  80  96  96 112  96 112 112 128  96 112 112 128 112 128 128 144  80  96  96 112  96 112 112 128  96 112 112 128 112 128 128 144  96 112 112 128 112 128 128 144 112 128 128 144 128 144 144 160  64  80  80  96  80  96  96 112  80  96  96 112  96 112 112 128  80  96  96 112  96 112 112 128  96 112 112 128 112 128 128 144  80  96  96 112  96 112 112 128  96 112 112 128 112 128 128 144  96 112 112 128 112 128 128 144 112 128 128 144 128 144 144 160  80  96  96 112  96 112 112 128  96 112 112 128 112 128 128 144  96 112 112 128 112 128 128 144 112 128 128 144 128 144 144 160  96 112 112 128 112 128 128 144 112 128 128 144 128 144 144 160 112 128 128 144 128 144 144 160 128 144 144 160 144 160 160 176 
 48  64  64  80  64  80  80  96  64  80  80  96  80  96  96 112  64  80  80  96  80  96  96 112  80  96  96 112  96 112 112 128  64  80  80  96  80  96  96 112  80  96  96 112  96 112 112 128  80  96  96 112  96 112 112 128  96 112 112 128 112 128 128 144  64  80  80  96  80  96  96 112  80  96  96 112  96 112 112 128  80  96  96 112  96 112 112 128  96 112 112 128 112 128 128 144  80  96  96 112  96 112 112 128  96 112 112 128 112 128 128 144  96 112 112 128 112 128 128 144 112 128 128 144 128 144 144 160  64  80  80  96  80  96  96 112  80  96  96 112  96 112 112 128  80  96  96 112  96 112 112 128  96 112 112 128 112 128 128 144  80  96  96 112  96 112 112 128  96 112 112 128 112 128 128 144  96 112 112 128 112 128 128 144 112 128 128 144 128 144 144 160  80  96  96 112  96 112 112 128  96 112 112 128 112 128 128 144  96 112 112 128 112 128 128 144 112 128 128 144 128 144 144 160  96 112 112 128 112 128 128 144 112 128 128 144 128 144 144 160 112 128 128 144 128 144 144 160 128 144 144 160 144 160 160 176 
 64  80  80  96  80  96  96 112  80  96  96 112  96 112 112 128  80  96  96 112  96 112 112 128  96 112 112 128 112 128 128 144  80  96  96 112  96 112 112 128  96 112 112 128 112 128 128 144  96 112 112 128 112 128 128 144 112 128 128 144 128 144 144 160  80  96  96 112  96 112 112 128  96 112 112 128 112 128 128 144  96 112 112 128 112 128 128 144 112 128 128 144 128 144 144 160  96 112 112 128 112 128 128 144 112 128 128 144 128 144 144 160 112 128 128 144 128 144 144 160 128 144 144 160 144 160 160 176  80  96  96 112  96 112 112 128  96 112 112 128 112 128 128 144  96 112 112 128 112 128 128 144 112 128 128 144 128 144 144 160  96 112 112 128 112 128 128 144 112 128 128 144 128 144 144 160 112 128 128 144 128 144 144 160 128 144 144 160 144 160 160 176  96 112 112 128 112 128 128 144 112 128 128 144 128 144 144 160 112 128 128 144 128 144 144 160 128 144 144 160 144 160 160 176 112 128 128 144 128 144 144 160 128 144 144 160 144 160 160 176 128 144 144 160 144 160 160 176 144 160 160 176 160 176 176 192 
 48  64  64  80  64  80  80  96  64  80  80  96  80  96  96 112  64  80  80  96  80  96  96 112  80  96  96 112  96 112 112 128  64  80  80  96  80  96  96 112  80  96  96 112  96 112 112 128  80  96  96 112  96 112 112 128  96 112 112 128 112 128 128 144  64  80  80  96  80  96  96 112  80  96  96 112  96 112 112 128  80  96  96 112  96 112 112 128  96 112 112 128 112 128 128 144  80  96  96 112  96 112 112 128  96 112 112 128 112 128 128 144  96 112 112 128 112 128 128 144 112 128 128 144 128 144 144 160  64  80  80  96  80  96  96 112  80  96  96 112  96 112 112 128  80  96  96 112  96 112 112 128  96 112 112 128 112 128 128 144  80  96  96 112  96 112 112 128  96 112 112 128 112 128 128 144  96 112 112 128 112 128 128 144 112 128 128 144 128 144 144 160  80  96  96 112  96 112 112 128  96 112 112 128 112 128 128 144  96 112 112 128 112 128 128 144 112 128 128 144 128 144 144 160  96 112 112 128 112 128 128 144 112 128 128 144 128 144 144 160 112 128 128 144 128 144 144 160 128 144 144 160 144 160 160 176 
 64  80  80  96  80  96  96 112  80  96  96 112  96 112 112 128  80  96  96 112  96 112 112 128  96 112 112 128 112 128 128 144  80  96  96 112  96 112 112 128  96 112 112 128 112 128 128 144  96 112 112 128 112 128 128 144 112 128 128 144 128 144 144 160  80  96  96 112  96 112 112 128  96 112 112 128 112 128 128 144  96 112 112 128 112 128 128 144 112 128 128 144 128 144 144 160  96 112 112 128 112 128 128 144 112 128 128 144 128 144 144 160 112 128 128 144 128 144 144 160 128 144 144 160 144 160 160 176  80  96  96 112  96 112 112 128  96 112 112 128 112 128 128 144  96 112 112 128 112 128 128 144 112 128 128 144 128 144 144 160  96 112 112 128 112 128 128 144 112 128 128 144 128 144 144 160 112 128 128 144 128 144 144 160 128 144 144 160 144 160 160 176  96 112 112 128 112 128 128 144 112 128 128 144 128 144 144 160 112 128 128 144 128 144 144 160 128 144 144 160 144 160 160 176 112 128 128 144 128 144 144 160 128 144 144 160 144 160 160 176 128 144 144 160 144 160 160 176 144 160 160 176 160 176 176 192 
 64  80  80  96  80  96  96 112  80  96  96 112  96 112 112 128  80  96  96 112  96 112 112 128  96 112 112 128 112 128 128 144  80  96  96 112  96 112 112 128  96 112 112 128 112 128 128 144  96 112 112 128 112 128 128 144 112 128 128 144 128 144 144 160  80  96  96 112  96 112 112 128  96 112 112 128 112 128 128 144  96 112 112 128 112 128 128 144 112 128 128 144 128 144 144 160  96 112 112 128 112 128 128 144 112 128 128 144 128 144 144 160 112 128 128 144 128 144 144 160 128 144 144 160 144 160 160 176  80  96  96 112  96 112 112 128  96 112 112 128 112 128 128 144  96 112 112 128 112 128 128 144 112 128 128 144 128 144 144 160  96 112 112 128 112 128 128 144 112 128 128 144 128 144 144 160 112 128 128 144 128 144 144 160 128 144 144 160 144 160 160 176  96 112 112 128 112 128 128 144 112 128 128 144 128 144 144 160 112 128 128 144 128 144 144 160 128 144 144 160 144 160 160 176 112 128 128 144 128 144 144 160 128 144 144 160 144 160 160 176 128 144 144 160 144 160 160 176 144 160 160 176 160 176 176 192 
 80  96  96 112  96 112 112 128  96 112 112 128 112 128 128 144  96 112 112 128 112 128 128 144 112 128 128 144 128 144 144 160  96 112 112 128 112 128 128 144 112 128 128 144 128 144 144 160 112 128 128 144 128 144 144 160 128 144 144 160 144 160 160 176  96 112 112 128 112 128 128 144 112 128 128 144 128 144 144 160 112 128 128 144 128 144 144 160 128 144 144 160 144 160 160 176 112 128 128 144 128 144 144 160 128 144 144 160 144 160 160 176 128 144 144 160 144 160 160 176 144 160 160 176 160 176 176 192  96 112 112 128 112 128 128 144 112 128 128 144 128 144 144 160 112 128 128 144 128 144 144 160 128 144 144 160 144 160 160 176 112 128 128 144 128 144 144 160 128 144 144 160 144 160 160 176 128 144 144 160 144 160 160 176 144 160 160 176 160 176 176 192 112 128 128 144 128 144 144 160 128 144 144 160 144 160 160 176 128 144 144 160 144 160 160 176 144 160 160 176 160 176 176 192 128 144 144 160 144 160 160 176 144 160 160 176 160 176 176 192 144 160 160 176 160 176 176 192 160 176 176 192 176 192 192 208 
 48  64  64  80  64  80  80  96  64  80  80  96  80  96  96 112  64  80  80  96  80  96  96 112  80  96  96 112  96 112 112 128  64  80  80  96  80  96  96 112  80  96  96 112  96 112 112 128  80  96  96 112  96 112 112 128  96 112 112 128 112 128 128 144  64  80  80  96  80  96  96 112  80  96  96 112  96 112 112 128  80  96  96 112  96 112 112 128  96 112 112 128 112 128 128 144  80  96  96 112  96 112 112 128  96 112 112 128 112 128 128 144  96 112 112 128 112 128 128 144 112 128 128 144 128 144 144 160  64  80  80  96  80  96  96 112  80  96  96 112  96 112 112 128  80  96  96 112  96 112 112 128  96 112 112 128 112 128 128 144  80  96  96 112  96 112 112 128  96 112 112 128 112 128 128 144  96 112 112 128 112 128 128 144 112 128 128 144 128 144 144 160  80  96  96 112  96 112 112 128  96 112 112 128 112 128 128 144  96 112 112 128 112 128 128 144 112 128 128 144 128 144 144 160  96 112 112 128 112 128 128 144 112 128 128 144 128 144 144 160 112 128 128 144 128 144 144 160 128 144 144 160 144 160 160 176 
 64  80  80  96  80  96  96 112  80  96  96 112  96 112 112 128  80  96  96 112  96 112 112 128  96 112 112 128 112 128 128 144  80  96  96 112  96 112 112 128  96 112 112 128 112 128 128 144  96 112 112 128 112 128 128 144 112 128 128 144 128 144 144 160  80  96  96 112  96 112 112 128  96 112 112 128 112 128 128 144  96 112 112 128 112 128 128 144 112 128 128 144 128 144 144 160  96 112 112 128 112 128 128 144 112 128 128 144 128 144 144 160 112 128 128 144 128 144 144 160 128 144 144 160 144 160 160 176  80  96  96 112  96 112 112 128  96 112 112 128 112 128 128 144  96 112 112 128 112 128 128 144 112 128 128 144 128 144 144 160  96 112 112 128 112 128 128 144 112 128 128 144 128 144 144 160 112 128 128 144 128 144 144 160 128 144 144 160 144 160 160 176  96 112 112 128 112 128 128 144 112 128 128 144 128 144 144 160 112 128 128 144 128 144 144 160 128 144 144 160 144 160 160 176 112 128 128 144 128 144 144 160 128 144 144 160 144 160 160 176 128 144 144 160 144 160 160 176 144 160 160 176 160 176 176 192 
 64  80  80  96  80  96  96 112  80  96  96 112  96 112 112 128  80  96  96 112  96 112 112 128  96 112 112 128 112 128 128 144  80  96  96 112  96 112 112 128  96 112 112 128 112 128 128 144  96 112 112 128 112 128 128 144 112 128 128 144 128 144 144 160  80  96  96 112  96 112 112 128  96 112 112 128 112 128 128 144  96 112 112 128 112 128 128 144 112 128 128 144 128 144 144 160  96 112 112 128 112 128 128 144 112 128 128 144 128 144 144 160 112 128 128 144 128 144 144 160 128 144 144 160 144 160 160 176  80  96  96 112  96 112 112 128  96 112 112 128 112 128 128 144  96 112 112 128 112 128 128 144 112 128 128 144 128 144 144 160  96 112 112 128 112 128 128 144 112 128 128 144 128 144 144 160 112 128 128 144 128 144 144 160 128 144 144 160 144 160 160 176  96 112 112 128 112 128 128 144 112 128 128 144 128 144 144 160 112 128 128 144 128 144 144 160 128 144 144 160 144 160 160 176 112 128 128 144 128 144 144 160 128 144 144 160 144 160 160 176 128 144 144 160 144 160 160 176 144 160 160 176 160 176 176 192 
 80  96  96 112  96 112 112 128  96 112 112 128 112 128 128 144  96 112 112 128 112 128 128 144 112 128 128 144 128 144 144 160  96 112 112 128 112 128 128 144 112 128 128 144 128 144 144 160 112 128 128 144 128 144 144 160 128 144 144 160 144 160 160 176  96 112 112 128 112 128 128 144 112 128 128 144 128 144 144 160 112 128 128 144 128 144 144 160 128 144 144 160 144 160 160 176 112 128 128 144 128 144 144 160 128 144 144 160 144 160 160 176 128 144 144 160 144 160 160 176 144 160 160 176 160 176 176 192  96 112 112 128 112 128 128 144 112 128 128 144 128 144 144 160 112 128 128 144 128 144 144 160 128 144 144 160 144 160 160 176 112 128 128 144 128 144 144 160 128 144 144 160 144 160 160 176 128 144 144 160 144 160 160 176 144 160 160 176 160 176 176 192 112 128 128 144 128 144 144 160 128 144 144 160 144 160 160 176 128 144 144 160 144 160 160 176 144 160 160 176 160 176 176 192 128 144 144 160 144 160 160 176 144 160 160 176 160 176 176 192 144 160 160 176 160 176 176 192 160 176 176 192 176 192 192 208 
 64  80  80  96  80  96  96 112  80  96  96 112  96 112 112 128  80  96  96 112  96 112 112 128  96 112 112 128 112 128 128 144  80  96  96 112  96 112 112 128  96 112 112 128 112 128 128 144  96 112 112 128 112 128 128 144 112 128 128 144 128 144 144 160  80  96  96 112  96 112 112 128  96 112 112 128 112 128 128 144  96 112 112 128 112 128 128 144 112 128 128 144 128 144 144 160  96 112 112 128 112 128 128 144 112 128 128 144 128 144 144 160 112 128 128 144 128 144 144 160 128 144 144 160 144 160 160 176  80  96  96 112  96 112 112 128  96 112 112 128 112 128 128 144  96 112 112 128 112 128 128 144 112 128 128 144 128 144 144 160  96 112 112 128 112 128 128 144 112 128 128 144 128 144 144 160 112 128 128 144 128 144 144 160 128 144 144 160 144 160 160 176  96 112 112 128 112 128 128 144 112 128 128 144 128 144 144 160 112 128 128 144 128 144 144 160 128 144 144 160 144 160 160 176 112 128 128 144 128 144 144 160 128 144 144 160 144 160 160 176 128 144 144 160 144 160 160 176 144 160 160 176 160 176 176 192 
 80  96  96 112  96 112 112 128  96 112 112 128 112 128 128 144  96 112 112 128 112 128 128 144 112 128 128 144 128 144 144 160  96 112 112 128 112 128 128 144 112 128 128 144 128 144 144 160 112 128 128 144 128 144 144 160 128 144 144 160 144 160 160 176  96 112 112 128 112 128 128 144 112 128 128 144 128 144 144 160 112 128 128 144 128 144 144 160 128 144 144 160 144 160 160 176 112 128 128 144 128 144 144 160 128 144 144 160 144 160 160 176 128 144 144 160 144 160 160 176 144 160 160 176 160 176 176 192  96 112 112 128 112 128 128 144 112 128 128 144 128 144 144 160 112 128 128 144 128 144 144 160 128 144 144 160 144 160 160 176 112 128 128 144 128 144 144 160 128 144 144 160 144 160 160 176 128 144 144 160 144 160 160 176 144 160 160 176 160 176 176 192 112 128 128 144 128 144 144 160 128 144 144 160 144 160 160 176 128 144 144 160 144 160 160 176 144 160 160 176 160 176 176 192 128 144 144 160 144 160 160 176 144 160 160 176 160 176 176 192 144 160 160 176 160 176 176 192 160 176 176 192 176 192 192 208 
 80  96  96 112  96 112 112 128  96 112 112 128 112 128 128 144  96 112 112 128 112 128 128 144 112 128 128 144 128 144 144 160  96 112 112 128 112 128 128 144 112 128 128 144 128 144 144 160 112 128 128 144 128 144 144 160 128 144 144 160 144 160 160 176  96 112 112 128 112 128 128 144 112 128 128 144 128 144 144 160 112 128 128 144 128 144 144 160 128 144 144 160 144 160 160 176 112 128 128 144 128 144 144 160 128 144 144 160 144 160 160 176 128 144 144 160 144 160 160 176 144 160 160 176 160 176 176 192  96 112 112 128 112 128 128 144 112 128 128 144 128 144 144 160 112 128 128 144 128 144 144 160 128 144 144 160 144 160 160 176 112 128 128 144 128 144 144 160 128 144 144 160 144 160 160 176 128 144 144 160 144 160 160 176 144 160 160 176 160 176 176 192 112 128 128 144 128 144 144 160 128 144 144 160 144 160 160 176 128 144 144 160 144 160 160 176 144 160 160 176 160 176 176 192 128 144 144 160 144 160 160 176 144 160 160 176 160 176 176 192 144 160 160 176 160 176 176 192 160 176 176 192 176 192 192 208 
 96 112 112 128 112 128 128 144 112 128 128 144 128 144 144 160 112 128 128 144 128 144 144 160 128 144 144 160 144 160 160 176 112 128 128 144 128 144 144 160 128 144 144 160 144 160 160 176 128 144 144 160 144 160 160 176 144 160 160 176 160 176 176 192 112 128 128 144 128 144 144 160 128 144 144 160 144 160 160 176 128 144 144 160 144 160 160 176 144 160 160 176 160 176 176 192 128 144 144 160 144 160 160 176 144 160 160 176 160 176 176 192 144 160 160 176 160 176 176 192 160 176 176 192 176 192 192 208 112 128 128 144 128 144 144 160 128 144 144 160 144 160 160 176 128 144 144 160 144 160 160 176 144 160 160 176 160 176 176 192 128 144 144 160 144 160 160 176 144 160 160 176 160 176 176 192 144 160 160 176 160 176 176 192 160 176 176 192 176 192 192 208 128 144 144 160 144 160 160 176 144 160 160 176 160 176 176 192 144 160 160 176 160 176 176 192 160 176 176 192 176 192 192 208 144 160 160 176 160 176 176 192 160 176 176 192 176 192 192 208 160 176 176 192 176 192 192 208 176 192 192 208 192 208 208 224 
 48  64  64  80  64  80  80  96  64  80  80  96  80  96  96 112  64  80  80  96  80  96  96 112  80  96  96 112  96 112 112 128  64  80  80  96  80  96  96 112  80  96  96 112  96 112 112 128  80  96  96 112  96 112 112 128  96 112 112 128 112 128 128 144  64  80  80  96  80  96  96 112  80  96  96 112  96 112 112 128  80  96  96 112  96 112 112 128  96 112 112 128 112 128 128 144  80  96  96 112  96 112 112 128  96 112 112 128 112 128 128 144  96 112 112 128 112 128 128 144 112 128 128 144 128 144 144 160  64  80  80  96  80  96  96 112  80  96  96 112  96 112 112 128  80  96  96 112  96 112 112 128  96 112 112 128 112 128 128 144  80  96  96 112  96 112 112 128  96 112 112 128 112 128 128 144  96 112 112 128 112 128 128 144 112 128 128 144 128 144 144 160  80  96  96 112  96 112 112 128  96 112 112 128 112 128 128 144  96 112 112 128 112 128 128 144 112 128 128 144 128 144 144 160  96 112 112 128 112 128 128 144 112 128 128 144 128 144 144 160 112 128 128 144 128 144 144 160 128 144 144 160 144 160 160 176 
 64  80  80  96  80  96  96 112  80  96  96 112  96 112 112 128  80  96  96 112  96 112 112 128  96 112 112 128 112 128 128 144  80  96  96 112  96 112 112 128  96 112 112 128 112 128 128 144  96 112 112 128 112 128 128 144 112 128 128 144 128 144 144 160  80  96  96 112  96 112 112 128  96 112 112 128 112 128 128 144  96 112 112 128 112 128 128 144 112 128 128 144 128 144 144 160  96 112 112 128 112 128 128 144 112 128 128 144 128 144 144 160 112 128 128 144 128 144 144 160 128 144 144 160 144 160 160 176  80  96  96 112  96 112 112 128  96 112 112 128 112 128 128 144  96 112 112 128 112 128 128 144 112 128 128 144 128 144 144 160  96 112 112 128 112 128 128 144 112 128 128 144 128 144 144 160 112 128 128 144 128 144 144 160 128 144 144 160 144 160 160 176  96 112 112 128 112 128 128 144 112 128 128 144 128 144 144 160 112 128 128 144 128 144 144 160 128 144 144 160 144 160 160 176 112 128 128 144 128 144 144 160 128 144 144 160 144 160 160 176 128 144 144 160 144 160 160 176 144 160 160 176 160 176 176 192 
 64  80  80  96  80  96  96 112  80  96  96 112  96 112 112 128  80  96  96 112  96 112 112 128  96 112 112 128 112 128 128 144  80  96  96 112  96 112 112 128  96 112 112 128 112 128 128 144  96 112 112 128 112 128 128 144 112 128 128 144 128 144 144 160  80  96  96 112  96 112 112 128  96 112 112 128 112 128 128 144  96 112 112 128 112 128 128 144 112 128 128 144 128 144 144 160  96 112 112 128 112 128 128 144 112 128 128 144 128 144 144 160 112 128 128 144 128 144 144 160 128 144 144 160 144 160 160 176  80  96  96 112  96 112 112 128  96 112 112 128 112 128 128 144  96 112 112 128 112 128 128 144 112 128 128 144 128 144 144 160  96 112 112 128 112 128 128 144 112 128 128 144 128 144 144 160 112 128 128 144 128 144 144 160 128 144 144 160 144 160 160 176  96 112 112 128 112 128 128 144 112 128 128 144 128 144 144 160 112 128 128 144 128 144 144 160 128 144 144 160 144 160 160 176 112 128 128 144 128 144 144 160 128 144 144 160 144 160 160 176 128 144 144 160 144 160 160 176 144 160 160 176 160 176 176 192 
 80  96  96 112  96 112 112 128  96 112 112 128 112 128 128 144  96 112 112 128 112 128 128 144 112 128 128 144 128 144 144 160  96 112 112 128 112 128 128 144 112 128 128 144 128 144 144 160 112 128 128 144 128 144 144 160 128 144 144 160 144 160 160 176  96 112 112 128 112 128 128 144 112 128 128 144 128 144 144 160 112 128 128 144 128 144 144 160 128 144 144 160 144 160 160 176 112 128 128 144 128 144 144 160 128 144 144 160 144 160 160 176 128 144 144 160 144 160 160 176 144 160 160 176 160 176 176 192  96 112 112 128 112 128 128 144 112 128 128 144 128 144 144 160 112 128 128 144 128 144 144 160 128 144 144 160 144 160 160 176 112 128 128 144 128 144 144 160 128 144 144 160 144 160 160 176 128 144 144 160 144 160 160 176 144 160 160 176 160 176 176 192 112 128 128 144 128 144 144 160 128 144 144 160 144 160 160 176 128 144 144 160 144 160 160 176 144 160 160 176 160 176 176 192 128 144 144 160 144 160 160 176 144 160 160 176 160 176 176 192 144 160 160 176 160 176 176 192 160 176 176 192 176 192 192 208 
 64  80  80  96  80  96  96 112  80  96  96 112  96 112 112 128  80  96  96 112  96 112 112 128  96 112 112 128 112 128 128 144  80  96  96 112  96 112 112 128  96 112 112 128 112 128 128 144  96 112 112 128 112 128 128 144 112 128 128 144 128 144 144 160  80  96  96 112  96 112 112 128  96 112 112 128 112 128 128 144  96 112 112 128 112 128 128 144 112 128 128 144 128 144 144 160  96 112 112 128 112 128 128 144 112 128 128 144 128 144 144 160 112 128 128 144 128 144 144 160 128 144 144 160 144 160 160 176  80  96  96 112  96 112 112 128  96 112 112 128 112 128 128 144  96 112 112 128 112 128 128 144 112 128 128 144 128 144 144 160  96 112 112 128 112 128 128 144 112 128 128 144 128 144 144 160 112 128 128 144 128 144 144 160 128 144 144 160 144 160 160 176  96 112 112 128 112 128 128 144 112 128 128 144 128 144 144 160 112 128 128 144 128 144 144 160 128 144 144 160 144 160 160 176 112 128 128 144 128 144 144 160 128 144 144 160 144 160 160 176 128 144 144 160 144 160 160 176 144 160 160 176 160 176 176 192 
 80  96  96 112  96 112 112 128  96 112 112 128 112 128 128 144  96 112 112 128 112 128 128 144 112 128 128 144 128 144 144 160  96 112 112 128 112 128 128 144 112 128 128 144 128 144 144 160 112 128 128 144 128 144 144 160 128 144 144 160 144 160 160 176  96 112 112 128 112 128 128 144 112 128 128 144 128 144 144 160 112 128 128 144 128 144 144 160 128 144 144 160 144 160 160 176 112 128 128 144 128 144 144 160 128 144 144 160 144 160 160 176 128 144 144 160 144 160 160 176 144 160 160 176 160 176 176 192  96 112 112 128 112 128 128 144 112 128 128 144 128 144 144 160 112 128 128 144 128 144 144 160 128 144 144 160 144 160 160 176 112 128 128 144 128 144 144 160 128 144 144 160 144 160 160 176 128 144 144 160 144 160 160 176 144 160 160 176 160 176 176 192 112 128 128 144 128 144 144 160 128 144 144 160 144 160 160 176 128 144 144 160 144 160 160 176 144 160 160 176 160 176 176 192 128 144 144 160 144 160 160 176 144 160 160 176 160 176 176 192 144 160 160 176 160 176 176 192 160 176 176 192 176 192 192 208 
 80  96  96 112  96 112 112 128  96 112 112 128 112 128 128 144  96 112 112 128 112 128 128 144 112 128 128 144 128 144 144 160  96 112 112 128 112 128 128 144 112 128 128 144 128 144 144 160 112 128 128 144 128 144 144 160 128 144 144 160 144 160 160 176  96 112 112 128 112 128 128 144 112 128 128 144 128 144 144 160 112 128 128 144 128 144 144 160 128 144 144 160 144 160 160 176 112 128 128 144 128 144 144 160 128 144 144 160 144 160 160 176 128 144 144 160 144 160 160 176 144 160 160 176 160 176 176 192  96 112 112 128 112 128 128 144 112 128 128 144 128 144 144 160 112 128 128 144 128 144 144 160 128 144 144 160 144 160 160 176 112 128 128 144 128 144 144 160 128 144 144 160 144 160 160 176 128 144 144 160 144 160 160 176 144 160 160 176 160 176 176 192 112 128 128 144 128 144 144 160 128 144 144 160 144 160 160 176 128 144 144 160 144 160 160 176 144 160 160 176 160 176 176 192 128 144 144 160 144 160 160 176 144 160 160 176 160 176 176 192 144 160 160 176 160 176 176 192 160 176 176 192 176 192 192 208 
 96 112 112 128 112 128 128 144 112 128 128 144 128 144 144 160 112 128 128 144 128 144 144 160 128 144 144 160 144 160 160 176 112 128 128 144 128 144 144 160 128 144 144 160 144 160 160 176 128 144 144 160 144 160 160 176 144 160 160 176 160 176 176 192 112 128 128 144 128 144 144 160 128 144 144 160 144 160 160 176 128 144 144 160 144 160 160 176 144 160 160 176 160 176 176 192 128 144 144 160 144 160 160 176 144 160 160 176 160 176 176 192 144 160 160 176 160 176 176 192 160 176 176 192 176 192 192 208 112 128 128 144 128 144 144 160 128 144 144 160 144 160 160 176 128 144 144 160 144 160 160 176 144 160 160 176 160 176 176 192 128 144 144 160 144 160 160 176 144 160 160 176 160 176 176 192 144 160 160 176 160 176 176 192 160 176 176 192 176 192 192 208 128 144 144 160 144 160 160 176 144 160 160 176 160 176 176 192 144 160 160 176 160 176 176 192 160 176 176 192 176 192 192 208 144 160 160 176 160 176 176 192 160 176 176 192 176 192 192 208 160 176 176 192 176 192 192 208 176 192 192 208 192 208 208 224 
 64  80  80  96  80  96  96 112  80  96  96 112  96 112 112 128  80  96  96 112  96 112 112 128  96 112 112 128 112 128 128 144  80  96  96 112  96 112 112 128  96 112 112 128 112 128 128 144  96 112 112 128 112 128 128 144 112 128 128 144 128 144 144 160  80  96  96 112  96 112 112 128  96 112 112 128 112 128 128 144  96 112 112 128 112 128 128 144 112 128 128 144 128 144 144 160  96 112 112 128 112 128 128 144 112 128 128 144 128 144 144 160 112 128 128 144 128 144 144 160 128 144 144 160 144 160 160 176  80  96  96 112  96 112 112 128  96 112 112 128 112 128 128 144  96 112 112 128 112 128 128 144 112 128 128 144 128 144 144 160  96 112 112 128 112 128 128 144 112 128 128 144 128 144 144 160 112 128 128 144 128 144 144 160 128 144 144 160 144 160 160 176  96 112 112 128 112 128 128 144 112 128 128 144 128 144 144 160 112 128 128 144 128 144 144 160 128 144 144 160 144 160 160 176 112 128 128 144 128 144 144 160 128 144 144 160 144 160 160 176 128 144 144 160 144 160 160 176 144 160 160 176 160 176 176 192 
 80  96  96 112  96 112 112 128  96 112 112 128 112 128 128 144  96 112 112 128 112 128 128 144 112 128 128 144 128 144 144 160  96 112 112 128 112 128 128 144 112 128 128 144 128 144 144 160 112 128 128 144 128 144 144 160 128 144 144 160 144 160 160 176  96 112 112 128 112 128 128 144 112 128 128 144 128 144 144 160 112 128 128 144 128 144 144 160 128 144 144 160 144 160 160 176 112 128 128 144 128 144 144 160 128 144 144 160 144 160 160 176 128 144 144 160 144 160 160 176 144 160 160 176 160 176 176 192  96 112 112 128 112 128 128 144 112 128 128 144 128 144 144 160 112 128 128 144 128 144 144 160 128 144 144 160 144 160 160 176 112 128 128 144 128 144 144 160 128 144 144 160 144 160 160 176 128 144 144 160 144 160 160 176 144 160 160 176 160 176 176 192 112 128 128 144 128 144 144 160 128 144 144 160 144 160 160 176 128 144 144 160 144 160 160 176 144 160 160 176 160 176 176 192 128 144 144 160 144 160 160 176 144 160 160 176 160 176 176 192 144 160 160 176 160 176 176 192 160 176 176 192 176 192 192 208 
 80  96  96 112  96 112 112 128  96 112 112 128 112 128 128 144  96 112 112 128 112 128 128 144 112 128 128 144 128 144 144 160  96 112 112 128 112 128 128 144 112 128 128 144 128 144 144 160 112 128 128 144 128 144 144 160 128 144 144 160 144 160 160 176  96 112 112 128 112 128 128 144 112 128 128 144 128 144 144 160 112 128 128 144 128 144 144 160 128 144 144 160 144 160 160 176 112 128 128 144 128 144 144 160 128 144 144 160 144 160 160 176 128 144 144 160 144 160 160 176 144 160 160 176 160 176 176 192  96 112 112 128 112 128 128 144 112 128 128 144 128 144 144 160 112 128 128 144 128 144 144 160 128 144 144 160 144 160 160 176 112 128 128 144 128 144 144 160 128 144 144 160 144 160 160 176 128 144 144 160 144 160 160 176 144 160 160 176 160 176 176 192 112 128 128 144 128 144 144 160 128 144 144 160 144 160 160 176 128 144 144 160 144 160 160 176 144 160 160 176 160 176 176 192 128 144 144 160 144 160 160 176 144 160 160 176 160 176 176 192 144 160 160 176 160 176 176 192 160 176 176 192 176 192 192 208 
 96 112 112 128 112 128 128 144 112 128 128 144 128 144 144 160 112 128 128 144 128 144 144 160 128 144 144 160 144 160 160 176 112 128 128 144 128 144 144 160 128 144 144 160 144 160 160 176 128 144 144 160 144 160 160 176 144 160 160 176 160 176 176 192 112 128 128 144 128 144 144 160 128 144 144 160 144 160 160 176 128 144 144 160 144 160 160 176 144 160 160 176 160 176 176 192 128 144 144 160 144 160 160 176 144 160 160 176 160 176 176 192 144 160 160 176 160 176 176 192 160 176 176 192 176 192 192 208 112 128 128 144 128 144 144 160 128 144 144 160 144 160 160 176 128 144 144 160 144 160 160 176 144 160 160 176 160 176 176 192 128 144 144 160 144 160 160 176 144 160 160 176 160 176 176 192 144 160 160 176 160 176 176 192 160 176 176 192 176 192 192 208 128 144 144 160 144 160 160 176 144 160 160 176 160 176 176 192 144 160 160 176 160 176 176 192 160 176 176 192 176 192 192 208 144 160 160 176 160 176 176 192 160 176 176 192 176 192 192 208 160 176 176 192 176 192 192 208 176 192 192 208 192 208 208 224 
 80  96  96 112  96 112 112 128  96 112 112 128 112 128 128 144  96 112 112 128 112 128 128 144 112 128 128 144 128 144 144 160  96 112 112 128 112 128 128 144 112 128 128 144 128 144 144 160 112 128 128 144 128 144 144 160 128 144 144 160 144 160 160 176  96 112 112 128 112 128 128 144 112 128 128 144 128 144 144 160 112 128 128 144 128 144 144 160 128 144 144 160 144 160 160 176 112 128 128 144 128 144 144 160 128 144 144 160 144 160 160 176 128 144 144 160 144 160 160 176 144 160 160 176 160 176 176 192  96 112 112 128 112 128 128 144 112 128 128 144 128 144 144 160 112 128 128 144 128 144 144 160 128 144 144 160 144 160 160 176 112 128 128 144 128 144 144 160 128 144 144 160 144 160 160 176 128 144 144 160 144 160 160 176 144 160 160 176 160 176 176 192 112 128 128 144 128 144 144 160 128 144 144 160 144 160 160 176 128 144 144 160 144 160 160 176 144 160 160 176 160 176 176 192 128 144 144 160 144 160 160 176 144 160 160 176 160 176 176 192 144 160 160 176 160 176 176 192 160 176 176 192 176 192 192 208 
 96 112 112 128 112 128 128 144 112 128 128 144 128 144 144 160 112 128 128 144 128 144 144 160 128 144 144 160 144 160 160 176 112 128 128 144 128 144 144 160 128 144 144 160 144 160 160 176 128 144 144 160 144 160 160 176 144 160 160 176 160 176 176 192 112 128 128 144 128 144 144 160 128 144 144 160 144 160 160 176 128 144 144 160 144 160 160 176 144 160 160 176 160 176 176 192 128 144 144 160 144 160 160 176 144 160 160 176 160 176 176 192 144 160 160 176 160 176 176 192 160 176 176 192 176 192 192 208 112 128 128 144 128 144 144 160 128 144 144 160 144 160 160 176 128 144 144 160 144 160 160 176 144 160 160 176 160 176 176 192 128 144 144 160 144 160 160 176 144 160 160 176 160 176 176 192 144 160 160 176 160 176 176 192 160 176 176 192 176 192 192 208 128 144 144 160 144 160 160 176 144 160 160 176 160 176 176 192 144 160 160 176 160 176 176 192 160 176 176 192 176 192 192 208 144 160 160 176 160 176 176 192 160 176 176 192 176 192 192 208 160 176 176 192 176 192 192 208 176 192 192 208 192 208 208 224 
 96 112 112 128 112 128 128 144 112 128 128 144 128 144 144 160 112 128 128 144 128 144 144 160 128 144 144 160 144 160 160 176 112 128 128 144 128 144 144 160 128 144 144 160 144 160 160 176 128 144 144 160 144 160 160 176 144 160 160 176 160 176 176 192 112 128 128 144 128 144 144 160 128 144 144 160 144 160 160 176 128 144 144 160 144 160 160 176 144 160 160 176 160 176 176 192 128 144 144 160 144 160 160 176 144 160 160 176 160 176 176 192 144 160 160 176 160 176 176 192 160 176 176 192 176 192 192 208 112 128 128 144 128 144 144 160 128 144 144 160 144 160 160 176 128 144 144 160 144 160 160 176 144 160 160 176 160 176 176 192 128 144 144 160 144 160 160 176 144 160 160 176 160 176 176 192 144 160 160 176 160 176 176 192 160 176 176 192 176 192 192 208 128 144 144 160 144 160 160 176 144 160 160 176 160 176 176 192 144 160 160 176 160 176 176 192 160 176 176 192 176 192 192 208 144 160 160 176 160 176 176 192 160 176 176 192 176 192 192 208 160 176 176 192 176 192 192 208 176 192 192 208 192 208 208 224 
112 128 128 144 128 144 144 160 128 144 144 160 144 160 160 176 128 144 144 160 144 160 160 176 144 160 160 176 160 176 176 192 128 144 144 160 144 160 160 176 144 160 160 176 160 176 176 192 144 160 160 176 160 176 176 192 160 176 176 192 176 192 192 208 128 144 144 160 144 160 160 176 144 160 160 176 160 176 176 192 144 160 160 176 160 176 176 192 160 176 176 192 176 192 192 208 144 160 160 176 160 176 176 192 160 176 176 192 176 192 192 208 160 176 176 192 176 192 192 208 176 192 192 208 192 208 208 224 128 144 144 160 144 160 160 176 144 160 160 176 160 176 176 192 144 160 160 176 160 176 176 192 160 176 176 192 176 192 192 208 144 160 160 176 160 176 176 192 160 176 176 192 176 192 192 208 160 176 176 192 176 192 192 208 176 192 192 208 192 208 208 224 144 160 160 176 160 176 176 192 160 176 176 192 176 192 192 208 160 176 176 192 176 192 192 208 176 192 192 208 192 208 208 224 160 176 176 192 176 192 192 208 176 192 192 208 192 208 208 224 176 192 192 208 192 208 208 224 192 208 208 224 208 224 224 240 
 16  32  32  48  32  48  48  64  32  48  48  64  48  64  64  80  32  48  48  64  48  64  64  80  48  64  64  80  64  80  80  96  32  48  48  64  48  64  64  80  48  64  64  80  64  80  80  96  48  64  64  80  64  80  80  96  64  80  80  96  80  96  96 112  32  48  48  64  48  64  64  80  48  64  64  80  64  80  80  96  48  64  64  80  64  80  80  96  64  80  80  96  80  96  96 112  48  64  64  80  64  80  80  96  64  80  80  96  80  96  96 112  64  80  80  96  80  96  96 112  80  96  96 112  96 112 112 128  32  48  48  64  48  64  64  80  48  64  64  80  64  80  80  96  48  64  64  80  64  80  80  96  64  80  80  96  80  96  96 112  48  64  64  80  64  80  80  96  64  80  80  96  80  96  96 112  64  80  80  96  80  96  96 112  80  96  96 112  96 112 112 128  48  64  64  80  64  80  80  96  64  80  80  96  80  96  96 112  64  80  80  96  80  96  96 112  80  96  96 112  96 112 112 128  64  80  80  96  80  96  96 112  80  96  96 112  96 112 112 128  80  96  96 112  96 112 112 128  96 112 112 128 112 128 128 144 
 32  48  48  64  48  64  64  80  48  64  64  80  64  80  80  96  48  64  64  80  64  80  80  96  64  80  80  96  80  96  96 112  48  64  64  80  64  80  80  96  64  80  80  96  80  96  96 112  64  80  80  96  80  96  96 112  80  96  96 112  96 112 112 128  48  64  64  80  64  80  80  96  64  80  80  96  80  96  96 112  64  80  80  96  80  96  96 112  80  96  96 112  96 112 112 128  64  80  80  96  80  96  96 112  80  96  96 112  96 112 112 128  80  96  96 112  96 112 112 128  96 112 112 128 112 128 128 144  48  64  64  80  64  80  80  96  64  80  80  96  80  96  96 112  64  80  80  96  80  96  96 112  80  96  96 112  96 112 112 128  64  80  80  96  80  96  96 112  80  96  96 112  96 112 112 128  80  96  96 112  96 112 112 128  96 112 112 128 112 128 128 144  64  80  80  96  80  96  96 112  80  96  96 112  96 112 112 128  80  96  96 112  96 112 112 128  96 112 112 128 112 128 128 144  80  96  96 112  96 112 112 128  96 112 112 128 112 128 128 144  96 112 112 128 112 128 128 144 112 128 128 144 128 144 144 160 
 32  48  48  64  48  64  64  80  48  64  64  80  64  80  80  96  48  64  64  80  64  80  80  96  64  80  80  96  80  96  96 112  48  64  64  80  64  80  80  96  64  80  80  96  80  96  96 112  64  80  80  96  80  96  96 112  80  96  96 112  96 112 112 128  48  64  64  80  64  80  80  96  64  80  80  96  80  96  96 112  64  80  80  96  80  96  96 112  80  96  96 112  96 112 112 128  64  80  80  96  80  96  96 112  80  96  96 112  96 112 112 128  80  96  96 112  96 112 112 128  96 112 112 128 112 128 128 144  48  64  64  80  64  80  80  96  64  80  80  96  80  96  96 112  64  80  80  96  80  96  96 112  80  96  96 112  96 112 112 128  64  80  80  96  80  96  96 112  80  96  96 112  96 112 112 128  80  96  96 112  96 112 112 128  96 112 112 128 112 128 128 144  64  80  80  96  80  96  96 112  80  96  96 112  96 112 112 128  80  96  96 112  96 112 112 128  96 112 112 128 112 128 128 144  80  96  96 112  96 112 112 128  96 112 112 128 112 128 128 144  96 112 112 128 112 128 128 144 112 128 128 144 128 144 144 160 
 48  64  64  80  64  80  80  96  64  80  80  96  80  96  96 112  64  80  80  96  80  96  96 112  80  96  96 112  96 112 112 128  64  80  80  96  80  96  96 112  80  96  96 112  96 112 112 128  80  96  96 112  96 112 112 128  96 112 112 128 112 128 128 144  64  80  80  96  80  96  96 112  80  96  96 112  96 112 112 128  80  96  96 112  96 112 112 128  96 112 112 128 112 128 128 144  80  96  96 112  96 112 112 128  96 112 112 128 112 128 128 144  96 112 112 128 112 128 128 144 112 128 128 144 128 144 144 160  64  80  80  96  80  96  96 112  80  96  96 112  96 112 112 128  80  96  96 112  96 112 112 128  96 112 112 128 112 128 128 144  80  96  96 112  96 112 112 128  96 112 112 128 112 128 128 144  96 112 112 128 112 128 128 144 112 128 128 144 128 144 144 160  80  96  96 112  96 112 112 128  96 112 112 128 112 128 128 144  96 112 112 128 112 128 128 144 112 128 128 144 128 144 144 160  96 112 112 128 112 128 128 144 112 128 128 144 128 144 144 160 112 128 128 144 128 144 144 160 128 144 144 160 144 160 160 176 
 32  48  48  64  48  64  64  80  48  64  64  80  64  80  80  96  48  64  64  80  64  80  80  96  64  80  80  96  80  96  96 112  48  64  64  80  64  80  80  96  64  80  80  96  80  96  96 112  64  80  80  96  80  96  96 112  80  96  96 112  96 112 112 128  48  64  64  80  64  80  80  96  64  80  80  96  80  96  96 112  64  80  80  96  80  96  96 112  80  96  96 112  96 112 112 128  64  80  80  96  80  96  96 112  80  96  96 112  96 112 112 128  80  96  96 112  96 112 112 128  96 112 112 128 112 128 128 144  48  64  64  80  64  80  80  96  64  80  80  96  80  96  96 112  64  80  80  96  80  96  96 112  80  96  96 112  96 112 112 128  64  80  80  96  80  96  96 112  80  96  96 112  96 112 112 128  80  96  96 112  96 112 112 128  96 112 112 128 112 128 128 144  64  80  80  96  80  96  96 112  80  96  96 112  96 112 112 128  80  96  96 112  96 112 112 128  96 112 112 128 112 128 128 144  80  96  96 112  96 112 112 128  96 112 112 128 112 128 128 144  96 112 112 128 112 128 128 144 112 128 128 144 128 144 144 160 
 48  64  64  80  64  80  80  96  64  80  80  96  80  96  96 112  64  80  80  96  80  96  96 112  80  96  96 112  96 112 112 128  64  80  80  96  80  96  96 112  80  96  96 112  96 112 112 128  80  96  96 112  96 112 112 128  96 112 112 128 112 128 128 144  64  80  80  96  80  96  96 112  80  96  96 112  96 112 112 128  80  96  96 112  96 112 112 128  96 112 112 128 112 128 128 144  80  96  96 112  96 112 112 128  96 112 112 128 112 128 128 144  96 112 112 128 112 128 128 144 112 128 128 144 128 144 144 160  64  80  80  96  80  96  96 112  80  96  96 112  96 112 112 128  80  96  96 112  96 112 112 128  96 112 112 128 112 128 128 144  80  96  96 112  96 112 112 128  96 112 112 128 112 128 128 144  96 112 112 128 112 128 128 144 112 128 128 144 128 144 144 160  80  96  96 112  96 112 112 128  96 112 112 128 112 128 128 144  96 112 112 128 112 128 128 144 112 128 128 144 128 144 144 160  96 112 112 128 112 128 128 144 112 128 128 144 128 144 144 160 112 128 128 144 128 144 144 160 128 144 144 160 144 160 160 176 
 48  64  64  80  64  80  80  96  64  80  80  96  80  96  96 112  64  80  80  96  80  96  96 112  80  96  96 112  96 112 112 128  64  80  80  96  80  96  96 112  80  96  96 112  96 112 112 128  80  96  96 112  96 112 112 128  96 112 112 128 112 128 128 144  64  80  80  96  80  96  96 112  80  96  96 112  96 112 112 128  80  96  96 112  96 112 112 128  96 112 112 128 112 128 128 144  80  96  96 112  96 112 112 128  96 112 112 128 112 128 128 144  96 112 112 128 112 128 128 144 112 128 128 144 128 144 144 160  64  80  80  96  80  96  96 112  80  96  96 112  96 112 112 128  80  96  96 112  96 112 112 128  96 112 112 128 112 128 128 144  80  96  96 112  96 112 112 128  96 112 112 128 112 128 128 144  96 112 112 128 112 128 128 144 112 128 128 144 128 144 144 160  80  96  96 112  96 112 112 128  96 112 112 128 112 128 128 144  96 112 112 128 112 128 128 144 112 128 128 144 128 144 144 160  96 112 112 128 112 128 128 144 112 128 128 144 128 144 144 160 112 128 128 144 128 144 144 160 128 144 144 160 144 160 160 176 
 64  80  80  96  80  96  96 112  80  96  96 112  96 112 112 128  80  96  96 112  96 112 112 128  96 112 112 128 112 128 128 144  80  96  96 112  96 112 112 128  96 112 112 128 112 128 128 144  96 112 112 128 112 128 128 144 112 128 128 144 128 144 144 160  80  96  96 112  96 112 112 128  96 112 112 128 112 128 128 144  96 112 112 128 112 128 128 144 112 128 128 144 128 144 144 160  96 112 112 128 112 128 128 144 112 128 128 144 128 144 144 160 112 128 128 144 128 144 144 160 128 144 144 160 144 160 160 176  80  96  96 112  96 112 112 128  96 112 112 128 112 128 128 144  96 112 112 128 112 128 128 144 112 128 128 144 128 144 144 160  96 112 112 128 112 128 128 144 112 128 128 144 128 144 144 160 112 128 128 144 128 144 144 160 128 144 144 160 144 160 160 176  96 112 112 128 112 128 128 144 112 128 128 144 128 144 144 160 112 128 128 144 128 144 144 160 128 144 144 160 144 160 160 176 112 128 128 144 128 144 144 160 128 144 144 160 144 160 160 176 128 144 144 160 144 160 160 176 144 160 160 176 160 176 176 192 
 32  48  48  64  48  64  64  80  48  64  64  80  64  80  80  96  48  64  64  80  64  80  80  96  64  80  80  96  80  96  96 112  48  64  64  80  64  80  80  96  64  80  80  96  80  96  96 112  64  80  80  96  80  96  96 112  80  96  96 112  96 112 112 128  48  64  64  80  64  80  80  96  64  80  80  96  80  96  96 112  64  80  80  96  80  96  96 112  80  96  96 112  96 112 112 128  64  80  80  96  80  96  96 112  80  96  96 112  96 112 112 128  80  96  96 112  96 112 112 128  96 112 112 128 112 128 128 144  48  64  64  80  64  80  80  96  64  80  80  96  80  96  96 112  64  80  80  96  80  96  96 112  80  96  96 112  96 112 112 128  64  80  80  96  80  96  96 112  80  96  96 112  96 112 112 128  80  96  96 112  96 112 112 128  96 112 112 128 112 128 128 144  64  80  80  96  80  96  96 112  80  96  96 112  96 112 112 128  80  96  96 112  96 112 112 128  96 112 112 128 112 128 128 144  80  96  96 112  96 112 112 128  96 112 112 128 112 128 128 144  96 112 112 128 112 128 128 144 112 128 128 144 128 144 144 160 
 48  64  64  80  64  80  80  96  64  80  80  96  80  96  96 112  64  80  80  96  80  96  96 112  80  96  96 112  96 112 112 128  64  80  80  96  80  96  96 112  80  96  96 112  96 112 112 128  80  96  96 112  96 112 112 128  96 112 112 128 112 128 128 144  64  80  80  96  80  96  96 112  80  96  96 112  96 112 112 128  80  96  96 112  96 112 112 128  96 112 112 128 112 128 128 144  80  96  96 112  96 112 112 128  96 112 112 128 112 128 128 144  96 112 112 128 112 128 128 144 112 128 128 144 128 144 144 160  64  80  80  96  80  96  96 112  80  96  96 112  96 112 112 128  80  96  96 112  96 112 112 128  96 112 112 128 112 128 128 144  80  96  96 112  96 112 112 128  96 112 112 128 112 128 128 144  96 112 112 128 112 128 128 144 112 128 128 144 128 144 144 160  80  96  96 112  96 112 112 128  96 112 112 128 112 128 128 144  96 112 112 128 112 128 128 144 112 128 128 144 128 144 144 160  96 112 112 128 112 128 128 144 112 128 128 144 128 144 144 160 112 128 128 144 128 144 144 160 128 144 144 160 144 160 160 176 
 48  64  64  80  64  80  80  96  64  80  80  96  80  96  96 112  64  80  80  96  80  96  96 112  80  96  96 112  96 112 112 128  64  80  80  96  80  96  96 112  80  96  96 112  96 112 112 128  80  96  96 112  96 112 112 128  96 112 112 128 112 128 128 144  64  80  80  96  80  96  96 112  80  96  96 112  96 112 112 128  80  96  96 112  96 112 112 128  96 112 112 128 112 128 128 144  80  96  96 112  96 112 112 128  96 112 112 128 112 128 128 144  96 112 112 128 112 128 128 144 112 128 128 144 128 144 144 160  64  80  80  96  80  96  96 112  80  96  96 112  96 112 112 128  80  96  96 112  96 112 112 128  96 112 112 128 112 128 128 144  80  96  96 112  96 112 112 128  96 112 112 128 112 128 128 144  96 112 112 128 112 128 128 144 112 128 128 144 128 144 144 160  80  96  96 112  96 112 112 128  96 112 112 128 112 128 128 144  96 112 112 128 112 128 128 144 112 128 128 144 128 144 144 160  96 112 112 128 112 128 128 144 112 128 128 144 128 144 144 160 112 128 128 144 128 144 144 160 128 144 144 160 144 160 160 176 
 64  80  80  96  80  96  96 112  80  96  96 112  96 112 112 128  80  96  96 112  96 112 112 128  96 112 112 128 112 128 128 144  80  96  96 112  96 112 112 128  96 112 112 128 112 128 128 144  96 112 112 128 112 128 128 144 112 128 128 144 128 144 144 160  80  96  96 112  96 112 112 128  96 112 112 128 112 128 128 144  96 112 112 128 112 128 128 144 112 128 128 144 128 144 144 160  96 112 112 128 112 128 128 144 112 128 128 144 128 144 144 160 112 128 128 144 128 144 144 160 128 144 144 160 144 160 160 176  80  96  96 112  96 112 112 128  96 112 112 128 112 128 128 144  96 112 112 128 112 128 128 144 112 128 128 144 128 144 144 160  96 112 112 128 112 128 128 144 112 128 128 144 128 144 144 160 112 128 128 144 128 144 144 160 128 144 144 160 144 160 160 176  96 112 112 128 112 128 128 144 112 128 128 144 128 144 144 160 112 128 128 144 128 144 144 160 128 144 144 160 144 160 160 176 112 128 128 144 128 144 144 160 128 144 144 160 144 160 160 176 128 144 144 160 144 160 160 176 144 160 160 176 160 176 176 192 
 48  64  64  80  64  80  80  96  64  80  80  96  80  96  96 112  64  80  80  96  80  96  96 112  80  96  96 112  96 112 112 128  64  80  80  96  80  96  96 112  80  96  96 112  96 112 112 128  80  96  96 112  96 112 112 128  96 112 112 128 112 128 128 144  64  80  80  96  80  96  96 112  80  96  96 112  96 112 112 128  80  96  96 112  96 112 112 128  96 112 112 128 112 128 128 144  80  96  96 112  96 112 112 128  96 112 112 128 112 128 128 144  96 112 112 128 112 128 128 144 112 128 128 144 128 144 144 160  64  80  80  96  80  96  96 112  80  96  96 112  96 112 112 128  80  96  96 112  96 112 112 128  96 112 112 128 112 128 128 144  80  96  96 112  96 112 112 128  96 112 112 128 112 128 128 144  96 112 112 128 112 128 128 144 112 128 128 144 128 144 144 160  80  96  96 112  96 112 112 128  96 112 112 128 112 128 128 144  96 112 112 128 112 128 128 144 112 128 128 144 128 144 144 160  96 112 112 128 112 128 128 144 112 128 128 144 128 144 144 160 112 128 128 144 128 144 144 160 128 144 144 160 144 160 160 176 
 64  80  80  96  80  96  96 112  80  96  96 112  96 112 112 128  80  96  96 112  96 112 112 128  96 112 112 128 112 128 128 144  80  96  96 112  96 112 112 128  96 112 112 128 112 128 128 144  96 112 112 128 112 128 128 144 112 128 128 144 128 144 144 160  80  96  96 112  96 112 112 128  96 112 112 128 112 128 128 144  96 112 112 128 112 128 128 144 112 128 128 144 128 144 144 160  96 112 112 128 112 128 128 144 112 128 128 144 128 144 144 160 112 128 128 144 128 144 144 160 128 144 144 160 144 160 160 176  80  96  96 112  96 112 112 128  96 112 112 128 112 128 128 144  96 112 112 128 112 128 128 144 112 128 128 144 128 144 144 160  96 112 112 128 112 128 128 144 112 128 128 144 128 144 144 160 112 128 128 144 128 144 144 160 128 144 144 160 144 160 160 176  96 112 112 128 112 128 128 144 112 128 128 144 128 144 144 160 112 128 128 144 128 144 144 160 128 144 144 160 144 160 160 176 112 128 128 144 128 144 144 160 128 144 144 160 144 160 160 176 128 144 144 160 144 160 160 176 144 160 160 176 160 176 176 192 
 64  80  80  96  80  96  96 112  80  96  96 112  96 112 112 128  80  96  96 112  96 112 112 128  96 112 112 128 112 128 128 144  80  96  96 112  96 112 112 128  96 112 112 128 112 128 128 144  96 112 112 128 112 128 128 144 112 128 128 144 128 144 144 160  80  96  96 112  96 112 112 128  96 112 112 128 112 128 128 144  96 112 112 128 112 128 128 144 112 128 128 144 128 144 144 160  96 112 112 128 112 128 128 144 112 128 128 144 128 144 144 160 112 128 128 144 128 144 144 160 128 144 144 160 144 160 160 176  80  96  96 112  96 112 112 128  96 112 112 128 112 128 128 144  96 112 112 128 112 128 128 144 112 128 128 144 128 144 144 160  96 112 112 128 112 128 128 144 112 128 128 144 128 144 144 160 112 128 128 144 128 144 144 160 128 144 144 160 144 160 160 176  96 112 112 128 112 128 128 144 112 128 128 144 128 144 144 160 112 128 128 144 128 144 144 160 128 144 144 160 144 160 160 176 112 128 128 144 128 144 144 160 128 144 144 160 144 160 160 176 128 144 144 160 144 160 160 176 144 160 160 176 160 176 176 192 
 80  96  96 112  96 112 112 128  96 112 112 128 112 128 128 144  96 112 112 128 112 128 128 144 112 128 128 144 128 144 144 160  96 112 112 128 112 128 128 144 112 128 128 144 128 144 144 160 112 128 128 144 128 144 144 160 128 144 144 160 144 160 160 176  96 112 112 128 112 128 128 144 112 128 128 144 128 144 144 160 112 128 128 144 128 144 144 160 128 144 144 160 144 160 160 176 112 128 128 144 128 144 144 160 128 144 144 160 144 160 160 176 128 144 144 160 144 160 160 176 144 160 160 176 160 176 176 192  96 112 112 128 112 128 128 144 112 128 128 144 128 144 144 160 112 128 128 144 128 144 144 160 128 144 144 160 144 160 160 176 112 128 128 144 128 144 144 160 128 144 144 160 144 160 160 176 128 144 144 160 144 160 160 176 144 160 160 176 160 176 176 192 112 128 128 144 128 144 144 160 128 144 144 160 144 160 160 176 128 144 144 160 144 160 160 176 144 160 160 176 160 176 176 192 128 144 144 160 144 160 160 176 144 160 160 176 160 176 176 192 144 160 160 176 160 176 176 192 160 176 176 192 176 192 192 208 
 32  48  48  64  48  64  64  80  48  64  64  80  64  80  80  96  48  64  64  80  64  80  80  96  64  80  80  96  80  96  96 112  48  64  64  80  64  80  80  96  64  80  80  96  80  96  96 112  64  80  80  96  80  96  96 112  80  96  96 112  96 112 112 128  48  64  64  80  64  80  80  96  64  80  80  96  80  96  96 112  64  80  80  96  80  96  96 112  80  96  96 112  96 112 112 128  64  80  80  96  80  96  96 112  80  96  96 112  96 112 112 128  80  96  96 112  96 112 112 128  96 112 112 128 112 128 128 144  48  64  64  80  64  80  80  96  64  80  80  96  80  96  96 112  64  80  80  96  80  96  96 112  80  96  96 112  96 112 112 128  64  80  80  96  80  96  96 112  80  96  96 112  96 112 112 128  80  96  96 112  96 112 112 128  96 112 112 128 112 128 128 144  64  80  80  96  80  96  96 112  80  96  96 112  96 112 112 128  80  96  96 112  96 112 112 128  96 112 112 128 112 128 128 144  80  96  96 112  96 112 112 128  96 112 112 128 112 128 128 144  96 112 112 128 112 128 128 144 112 128 128 144 128 144 144 160 
 48  64  64  80  64  80  80  96  64  80  80  96  80  96  96 112  64  80  80  96  80  96  96 112  80  96  96 112  96 112 112 128  64  80  80  96  80  96  96 112  80  96  96 112  96 112 112 128  80  96  96 112  96 112 112 128  96 112 112 128 112 128 128 144  64  80  80  96  80  96  96 112  80  96  96 112  96 112 112 128  80  96  96 112  96 112 112 128  96 112 112 128 112 128 128 144  80  96  96 112  96 112 112 128  96 112 112 128 112 128 128 144  96 112 112 128 112 128 128 144 112 128 128 144 128 144 144 160  64  80  80  96  80  96  96 112  80  96  96 112  96 112 112 128  80  96  96 112  96 112 112 128  96 112 112 128 112 128 128 144  80  96  96 112  96 112 112 128  96 112 112 128 112 128 128 144  96 112 112 128 112 128 128 144 112 128 128 144 128 144 144 160  80  96  96 112  96 112 112 128  96 112 112 128 112 128 128 144  96 112 112 128 112 128 128 144 112 128 128 144 128 144 144 160  96 112 112 128 112 128 128 144 112 128 128 144 128 144 144 160 112 128 128 144 128 144 144 160 128 144 144 160 144 160 160 176 
 48  64  64  80  64  80  80  96  64  80  80  96  80  96  96 112  64  80  80  96  80  96  96 112  80  96  96 112  96 112 112 128  64  80  80  96  80  96  96 112  80  96  96 112  96 112 112 128  80  96  96 112  96 112 112 128  96 112 112 128 112 128 128 144  64  80  80  96  80  96  96 112  80  96  96 112  96 112 112 128  80  96  96 112  96 112 112 128  96 112 112 128 112 128 128 144  80  96  96 112  96 112 112 128  96 112 112 128 112 128 128 144  96 112 112 128 112 128 128 144 112 128 128 144 128 144 144 160  64  80  80  96  80  96  96 112  80  96  96 112  96 112 112 128  80  96  96 112  96 112 112 128  96 112 112 128 112 128 128 144  80  96  96 112  96 112 112 128  96 112 112 128 112 128 128 144  96 112 112 128 112 128 128 144 112 128 128 144 128 144 144 160  80  96  96 112  96 112 112 128  96 112 112 128 112 128 128 144  96 112 112 128 112 128 128 144 112 128 128 144 128 144 144 160  96 112 112 128 112 128 128 144 112 128 128 144 128 144 144 160 112 128 128 144 128 144 144 160 128 144 144 160 144 160 160 176 
 64  80  80  96  80  96  96 112  80  96  96 112  96 112 112 128  80  96  96 112  96 112 112 128  96 112 112 128 112 128 128 144  80  96  96 112  96 112 112 128  96 112 112 128 112 128 128 144  96 112 112 128 112 128 128 144 112 128 128 144 128 144 144 160  80  96  96 112  96 112 112 128  96 112 112 128 112 128 128 144  96 112 112 128 112 128 128 144 112 128 128 144 128 144 144 160  96 112 112 128 112 128 128 144 112 128 128 144 128 144 144 160 112 128 128 144 128 144 144 160 128 144 144 160 144 160 160 176  80  96  96 112  96 112 112 128  96 112 112 128 112 128 128 144  96 112 112 128 112 128 128 144 112 128 128 144 128 144 144 160  96 112 112 128 112 128 128 144 112 128 128 144 128 144 144 160 112 128 128 144 128 144 144 160 128 144 144 160 144 160 160 176  96 112 112 128 112 128 128 144 112 128 128 144 128 144 144 160 112 128 128 144 128 144 144 160 128 144 144 160 144 160 160 176 112 128 128 144 128 144 144 160 128 144 144 160 144 160 160 176 128 144 144 160 144 160 160 176 144 160 160 176 160 176 176 192 
 48  64  64  80  64  80  80  96  64  80  80  96  80  96  96 112  64  80  80  96  80  96  96 112  80  96  96 112  96 112 112 128  64  80  80  96  80  96  96 112  80  96  96 112  96 112 112 128  80  96  96 112  96 112 112 128  96 112 112 128 112 128 128 144  64  80  80  96  80  96  96 112  80  96  96 112  96 112 112 128  80  96  96 112  96 112 112 128  96 112 112 128 112 128 128 144  80  96  96 112  96 112 112 128  96 112 112 128 112 128 128 144  96 112 112 128 112 128 128 144 112 128 128 144 128 144 144 160  64  80  80  96  80  96  96 112  80  96  96 112  96 112 112 128  80  96  96 112  96 112 112 128  96 112 112 128 112 128 128 144  80  96  96 112  96 112 112 128  96 112 112 128 112 128 128 144  96 112 112 128 112 128 128 144 112 128 128 144 128 144 144 160  80  96  96 112  96 112 112 128  96 112 112 128 112 128 128 144  96 112 112 128 112 128 128 144 112 128 128 144 128 144 144 160  96 112 112 128 112 128 128 144 112 128 128 144 128 144 144 160 112 128 128 144 128 144 144 160 128 144 144 160 144 160 160 176 
 64  80  80  96  80  96  96 112  80  96  96 112  96 112 112 128  80  96  96 112  96 112 112 128  96 112 112 128 112 128 128 144  80  96  96 112  96 112 112 128  96 112 112 128 112 128 128 144  96 112 112 128 112 128 128 144 112 128 128 144 128 144 144 160  80  96  96 112  96 112 112 128  96 112 112 128 112 128 128 144  96 112 112 128 112 128 128 144 112 128 128 144 128 144 144 160  96 112 112 128 112 128 128 144 112 128 128 144 128 144 144 160 112 128 128 144 128 144 144 160 128 144 144 160 144 160 160 176  80  96  96 112  96 112 112 128  96 112 112 128 112 128 128 144  96 112 112 128 112 128 128 144 112 128 128 144 128 144 144 160  96 112 112 128 112 128 128 144 112 128 128 144 128 144 144 160 112 128 128 144 128 144 144 160 128 144 144 160 144 160 160 176  96 112 112 128 112 128 128 144 112 128 128 144 128 144 144 160 112 128 128 144 128 144 144 160 128 144 144 160 144 160 160 176 112 128 128 144 128 144 144 160 128 144 144 160 144 160 160 176 128 144 144 160 144 160 160 176 144 160 160 176 160 176 176 192 
 64  80  80  96  80  96  96 112  80  96  96 112  96 112 112 128  80  96  96 112  96 112 112 128  96 112 112 128 112 128 128 144  80  96  96 112  96 112 112 128  96 112 112 128 112 128 128 144  96 112 112 128 112 128 128 144 112 128 128 144 128 144 144 160  80  96  96 112  96 112 112 128  96 112 112 128 112 128 128 144  96 112 112 128 112 128 128 144 112 128 128 144 128 144 144 160  96 112 112 128 112 128 128 144 112 128 128 144 128 144 144 160 112 128 128 144 128 144 144 160 128 144 144 160 144 160 160 176  80  96  96 112  96 112 112 128  96 112 112 128 112 128 128 144  96 112 112 128 112 128 128 144 112 128 128 144 128 144 144 160  96 112 112 128 112 128 128 144 112 128 128 144 128 144 144 160 112 128 128 144 128 144 144 160 128 144 144 160 144 160 160 176  96 112 112 128 112 128 128 144 112 128 128 144 128 144 144 160 112 128 128 144 128 144 144 160 128 144 144 160 144 160 160 176 112 128 128 144 128 144 144 160 128 144 144 160 144 160 160 176 128 144 144 160 144 160 160 176 144 160 160 176 160 176 176 192 
 80  96  96 112  96 112 112 128  96 112 112 128 112 128 128 144  96 112 112 128 112 128 128 144 112 128 128 144 128 144 144 160  96 112 112 128 112 128 128 144 112 128 128 144 128 144 144 160 112 128 128 144 128 144 144 160 128 144 144 160 144 160 160 176  96 112 112 128 112 128 128 144 112 128 128 144 128 144 144 160 112 128 128 144 128 144 144 160 128 144 144 160 144 160 160 176 112 128 128 144 128 144 144 160 128 144 144 160 144 160 160 176 128 144 144 160 144 160 160 176 144 160 160 176 160 176 176 192  96 112 112 128 112 128 128 144 112 128 128 144 128 144 144 160 112 128 128 144 128 144 144 160 128 144 144 160 144 160 160 176 112 128 128 144 128 144 144 160 128 144 144 160 144 160 160 176 128 144 144 160 144 160 160 176 144 160 160 176 160 176 176 192 112 128 128 144 128 144 144 160 128 144 144 160 144 160 160 176 128 144 144 160 144 160 160 176 144 160 160 176 160 176 176 192 128 144 144 160 144 160 160 176 144 160 160 176 160 176 176 192 144 160 160 176 160 176 176 192 160 176 176 192 176 192 192 208 
 48  64  64  80  64  80  80  96  64  80  80  96  80  96  96 112  64  80  80  96  80  96  96 112  80  96  96 112  96 112 112 128  64  80  80  96  80  96  96 112  80  96  96 112  96 112 112 128  80  96  96 112  96 112 112 128  96 112 112 128 112 128 128 144  64  80  80  96  80  96  96 112  80  96  96 112  96 112 112 128  80  96  96 112  96 112 112 128  96 112 112 128 112 128 128 144  80  96  96 112  96 112 112 128  96 112 112 128 112 128 128 144  96 112 112 128 112 128 128 144 112 128 128 144 128 144 144 160  64  80  80  96  80  96  96 112  80  96  96 112  96 112 112 128  80  96  96 112  96 112 112 128  96 112 112 128 112 128 128 144  80  96  96 112  96 112 112 128  96 112 112 128 112 128 128 144  96 112 112 128 112 128 128 144 112 128 128 144 128 144 144 160  80  96  96 112  96 112 112 128  96 112 112 128 112 128 128 144  96 112 112 128 112 128 128 144 112 128 128 144 128 144 144 160  96 112 112 128 112 128 128 144 112 128 128 144 128 144 144 160 112 128 128 144 128 144 144 160 128 144 144 160 144 160 160 176 
 64  80  80  96  80  96  96 112  80  96  96 112  96 112 112 128  80  96  96 112  96 112 112 128  96 112 112 128 112 128 128 144  80  96  96 112  96 112 112 128  96 112 112 128 112 128 128 144  96 112 112 128 112 128 128 144 112 128 128 144 128 144 144 160  80  96  96 112  96 112 112 128  96 112 112 128 112 128 128 144  96 112 112 128 112 128 128 144 112 128 128 144 128 144 144 160  96 112 112 128 112 128 128 144 112 128 128 144 128 144 144 160 112 128 128 144 128 144 144 160 128 144 144 160 144 160 160 176  80  96  96 112  96 112 112 128  96 112 112 128 112 128 128 144  96 112 112 128 112 128 128 144 112 128 128 144 128 144 144 160  96 112 112 128 112 128 128 144 112 128 128 144 128 144 144 160 112 128 128 144 128 144 144 160 128 144 144 160 144 160 160 176  96 112 112 128 112 128 128 144 112 128 128 144 128 144 144 160 112 128 128 144 128 144 144 160 128 144 144 160 144 160 160 176 112 128 128 144 128 144 144 160 128 144 144 160 144 160 160 176 128 144 144 160 144 160 160 176 144 160 160 176 160 176 176 192 
 64  80  80  96  80  96  96 112  80  96  96 112  96 112 112 128  80  96  96 112  96 112 112 128  96 112 112 128 112 128 128 144  80  96  96 112  96 112 112 128  96 112 112 128 112 128 128 144  96 112 112 128 112 128 128 144 112 128 128 144 128 144 144 160  80  96  96 112  96 112 112 128  96 112 112 128 112 128 128 144  96 112 112 128 112 128 128 144 112 128 128 144 128 144 144 160  96 112 112 128 112 128 128 144 112 128 128 144 128 144 144 160 112 128 128 144 128 144 144 160 128 144 144 160 144 160 160 176  80  96  96 112  96 112 112 128  96 112 112 128 112 128 128 144  96 112 112 128 112 128 128 144 112 128 128 144 128 144 144 160  96 112 112 128 112 128 128 144 112 128 128 144 128 144 144 160 112 128 128 144 128 144 144 160 128 144 144 160 144 160 160 176  96 112 112 128 112 128 128 144 112 128 128 144 128 144 144 160 112 128 128 144 128 144 144 160 128 144 144 160 144 160 160 176 112 128 128 144 128 144 144 160 128 144 144 160 144 160 160 176 128 144 144 160 144 160 160 176 144 160 160 176 160 176 176 192 
 80  96  96 112  96 112 112 128  96 112 112 128 112 128 128 144  96 112 112 128 112 128 128 144 112 128 128 144 128 144 144 160  96 112 112 128 112 128 128 144 112 128 128 144 128 144 144 160 112 128 128 144 128 144 144 160 128 144 144 160 144 160 160 176  96 112 112 128 112 128 128 144 112 128 128 144 128 144 144 160 112 128 128 144 128 144 144 160 128 144 144 160 144 160 160 176 112 128 128 144 128 144 144 160 128 144 144 160 144 160 160 176 128 144 144 160 144 160 160 176 144 160 160 176 160 176 176 192  96 112 112 128 112 128 128 144 112 128 128 144 128 144 144 160 112 128 128 144 128 144 144 160 128 144 144 160 144 160 160 176 112 128 128 144 128 144 144 160 128 144 144 160 144 160 160 176 128 144 144 160 144 160 160 176 144 160 160 176 160 176 176 192 112 128 128 144 128 144 144 160 128 144 144 160 144 160 160 176 128 144 144 160 144 160 160 176 144 160 160 176 160 176 176 192 128 144 144 160 144 160 160 176 144 160 160 176 160 176 176 192 144 160 160 176 160 176 176 192 160 176 176 192 176 192 192 208 
 64  80  80  96  80  96  96 112  80  96  96 112  96 112 112 128  80  96  96 112  96 112 112 128  96 112 112 128 112 128 128 144  80  96  96 112  96 112 112 128  96 112 112 128 112 128 128 144  96 112 112 128 112 128 128 144 112 128 128 144 128 144 144 160  80  96  96 112  96 112 112 128  96 112 112 128 112 128 128 144  96 112 112 128 112 128 128 144 112 128 128 144 128 144 144 160  96 112 112 128 112 128 128 144 112 128 128 144 128 144 144 160 112 128 128 144 128 144 144 160 128 144 144 160 144 160 160 176  80  96  96 112  96 112 112 128  96 112 112 128 112 128 128 144  96 112 112 128 112 128 128 144 112 128 128 144 128 144 144 160  96 112 112 128 112 128 128 144 112 128 128 144 128 144 144 160 112 128 128 144 128 144 144 160 128 144 144 160 144 160 160 176  96 112 112 128 112 128 128 144 112 128 128 144 128 144 144 160 112 128 128 144 128 144 144 160 128 144 144 160 144 160 160 176 112 128 128 144 128 144 144 160 128 144 144 160 144 160 160 176 128 144 144 160 144 160 160 176 144 160 160 176 160 176 176 192 
 80  96  96 112  96 112 112 128  96 112 112 128 112 128 128 144  96 112 112 128 112 128 128 144 112 128 128 144 128 144 144 160  96 112 112 128 112 128 128 144 112 128 128 144 128 144 144 160 112 128 128 144 128 144 144 160 128 144 144 160 144 160 160 176  96 112 112 128 112 128 128 144 112 128 128 144 128 144 144 160 112 128 128 144 128 144 144 160 128 144 144 160 144 160 160 176 112 128 128 144 128 144 144 160 128 144 144 160 144 160 160 176 128 144 144 160 144 160 160 176 144 160 160 176 160 176 176 192  96 112 112 128 112 128 128 144 112 128 128 144 128 144 144 160 112 128 128 144 128 144 144 160 128 144 144 160 144 160 160 176 112 128 128 144 128 144 144 160 128 144 144 160 144 160 160 176 128 144 144 160 144 160 160 176 144 160 160 176 160 176 176 192 112 128 128 144 128 144 144 160 128 144 144 160 144 160 160 176 128 144 144 160 144 160 160 176 144 160 160 176 160 176 176 192 128 144 144 160 144 160 160 176 144 160 160 176 160 176 176 192 144 160 160 176 160 176 176 192 160 176 176 192 176 192 192 208 
 80  96  96 112  96 112 112 128  96 112 112 128 112 128 128 144  96 112 112 128 112 128 128 144 112 128 128 144 128 144 144 160  96 112 112 128 112 128 128 144 112 128 128 144 128 144 144 160 112 128 128 144 128 144 144 160 128 144 144 160 144 160 160 176  96 112 112 128 112 128 128 144 112 128 128 144 128 144 144 160 112 128 128 144 128 144 144 160 128 144 144 160 144 160 160 176 112 128 128 144 128 144 144 160 128 144 144 160 144 160 160 176 128 144 144 160 144 160 160 176 144 160 160 176 160 176 176 192  96 112 112 128 112 128 128 144 112 128 128 144 128 144 144 160 112 128 128 144 128 144 144 160 128 144 144 160 144 160 160 176 112 128 128 144 128 144 144 160 128 144 144 160 144 160 160 176 128 144 144 160 144 160 160 176 144 160 160 176 160 176 176 192 112 128 128 144 128 144 144 160 128 144 144 160 144 160 160 176 128 144 144 160 144 160 160 176 144 160 160 176 160 176 176 192 128 144 144 160 144 160 160 176 144 160 160 176 160 176 176 192 144 160 160 176 160 176 176 192 160 176 176 192 176 192 192 208 
 96 112 112 128 112 128 128 144 112 128 128 144 128 144 144 160 112 128 128 144 128 144 144 160 128 144 144 160 144 160 160 176 112 128 128 144 128 144 144 160 128 144 144 160 144 160 160 176 128 144 144 160 144 160 160 176 144 160 160 176 160 176 176 192 112 128 128 144 128 144 144 160 128 144 144 160 144 160 160 176 128 144 144 160 144 160 160 176 144 160 160 176 160 176 176 192 128 144 144 160 144 160 160 176 144 160 160 176 160 176 176 192 144 160 160 176 160 176 176 192 160 176 176 192 176 192 192 208 112 128 128 144 128 144 144 160 128 144 144 160 144 160 160 176 128 144 144 160 144 160 160 176 144 160 160 176 160 176 176 192 128 144 144 160 144 160 160 176 144 160 160 176 160 176 176 192 144 160 160 176 160 176 176 192 160 176 176 192 176 192 192 208 128 144 144 160 144 160 160 176 144 160 160 176 160 176 176 192 144 160 160 176 160 176 176 192 160 176 176 192 176 192 192 208 144 160 160 176 160 176 176 192 160 176 176 192 176 192 192 208 160 176 176 192 176 192 192 208 176 192 192 208 192 208 208 224 
 32  48  48  64  48  64  64  80  48  64  64  80  64  80  80  96  48  64  64  80  64  80  80  96  64  80  80  96  80  96  96 112  48  64  64  80  64  80  80  96  64  80  80  96  80  96  96 112  64  80  80  96  80  96  96 112  80  96  96 112  96 112 112 128  48  64  64  80  64  80  80  96  64  80  80  96  80  96  96 112  64  80  80  96  80  96  96 112  80  96  96 112  96 112 112 128  64  80  80  96  80  96  96 112  80  96  96 112  96 112 112 128  80  96  96 112  96 112 112 128  96 112 112 128 112 128 128 144  48  64  64  80  64  80  80  96  64  80  80  96  80  96  96 112  64  80  80  96  80  96  96 112  80  96  96 112  96 112 112 128  64  80  80  96  80  96  96 112  80  96  96 112  96 112 112 128  80  96  96 112  96 112 112 128  96 112 112 128 112 128 128 144  64  80  80  96  80  96  96 112  80  96  96 112  96 112 112 128  80  96  96 112  96 112 112 128  96 112 112 128 112 128 128 144  80  96  96 112  96 112 112 128  96 112 112 128 112 128 128 144  96 112 112 128 112 128 128 144 112 128 128 144 128 144 144 160 
 48  64  64  80  64  80  80  96  64  80  80  96  80  96  96 112  64  80  80  96  80  96  96 112  80  96  96 112  96 112 112 128  64  80  80  96  80  96  96 112  80  96  96 112  96 112 112 128  80  96  96 112  96 112 112 128  96 112 112 128 112 128 128 144  64  80  80  96  80  96  96 112  80  96  96 112  96 112 112 128  80  96  96 112  96 112 112 128  96 112 112 128 112 128 128 144  80  96  96 112  96 112 112 128  96 112 112 128 112 128 128 144  96 112 112 128 112 128 128 144 112 128 128 144 128 144 144 160  64  80  80  96  80  96  96 112  80  96  96 112  96 112 112 128  80  96  96 112  96 112 112 128  96 112 112 128 112 128 128 144  80  96  96 112  96 112 112 128  96 112 112 128 112 128 128 144  96 112 112 128 112 128 128 144 112 128 128 144 128 144 144 160  80  96  96 112  96 112 112 128  96 112 112 128 112 128 128 144  96 112 112 128 112 128 128 144 112 128 128 144 128 144 144 160  96 112 112 128 112 128 128 144 112 128 128 144 128 144 144 160 112 128 128 144 128 144 144 160 128 144 144 160 144 160 160 176 
 48  64  64  80  64  80  80  96  64  80  80  96  80  96  96 112  64  80  80  96  80  96  96 112  80  96  96 112  96 112 112 128  64  80  80  96  80  96  96 112  80  96  96 112  96 112 112 128  80  96  96 112  96 112 112 128  96 112 112 128 112 128 128 144  64  80  80  96  80  96  96 112  80  96  96 112  96 112 112 128  80  96  96 112  96 112 112 128  96 112 112 128 112 128 128 144  80  96  96 112  96 112 112 128  96 112 112 128 112 128 128 144  96 112 112 128 112 128 128 144 112 128 128 144 128 144 144 160  64  80  80  96  80  96  96 112  80  96  96 112  96 112 112 128  80  96  96 112  96 112 112 128  96 112 112 128 112 128 128 144  80  96  96 112  96 112 112 128  96 112 112 128 112 128 128 144  96 112 112 128 112 128 128 144 112 128 128 144 128 144 144 160  80  96  96 112  96 112 112 128  96 112 112 128 112 128 128 144  96 112 112 128 112 128 128 144 112 128 128 144 128 144 144 160  96 112 112 128 112 128 128 144 112 128 128 144 128 144 144 160 112 128 128 144 128 144 144 160 128 144 144 160 144 160 160 176 
 64  80  80  96  80  96  96 112  80  96  96 112  96 112 112 128  80  96  96 112  96 112 112 128  96 112 112 128 112 128 128 144  80  96  96 112  96 112 112 128  96 112 112 128 112 128 128 144  96 112 112 128 112 128 128 144 112 128 128 144 128 144 144 160  80  96  96 112  96 112 112 128  96 112 112 128 112 128 128 144  96 112 112 128 112 128 128 144 112 128 128 144 128 144 144 160  96 112 112 128 112 128 128 144 112 128 128 144 128 144 144 160 112 128 128 144 128 144 144 160 128 144 144 160 144 160 160 176  80  96  96 112  96 112 112 128  96 112 112 128 112 128 128 144  96 112 112 128 112 128 128 144 112 128 128 144 128 144 144 160  96 112 112 128 112 128 128 144 112 128 128 144 128 144 144 160 112 128 128 144 128 144 144 160 128 144 144 160 144 160 160 176  96 112 112 128 112 128 128 144 112 128 128 144 128 144 144 160 112 128 128 144 128 144 144 160 128 144 144 160 144 160 160 176 112 128 128 144 128 144 144 160 128 144 144 160 144 160 160 176 128 144 144 160 144 160 160 176 144 160 160 176 160 176 176 192 
 48  64  64  80  64  80  80  96  64  80  80  96  80  96  96 112  64  80  80  96  80  96  96 112  80  96  96 112  96 112 112 128  64  80  80  96  80  96  96 112  80  96  96 112  96 112 112 128  80  96  96 112  96 112 112 128  96 112 112 128 112 128 128 144  64  80  80  96  80  96  96 112  80  96  96 112  96 112 112 128  80  96  96 112  96 112 112 128  96 112 112 128 112 128 128 144  80  96  96 112  96 112 112 128  96 112 112 128 112 128 128 144  96 112 112 128 112 128 128 144 112 128 128 144 128 144 144 160  64  80  80  96  80  96  96 112  80  96  96 112  96 112 112 128  80  96  96 112  96 112 112 128  96 112 112 128 112 128 128 144  80  96  96 112  96 112 112 128  96 112 112 128 112 128 128 144  96 112 112 128 112 128 128 144 112 128 128 144 128 144 144 160  80  96  96 112  96 112 112 128  96 112 112 128 112 128 128 144  96 112 112 128 112 128 128 144 112 128 128 144 128 144 144 160  96 112 112 128 112 128 128 144 112 128 128 144 128 144 144 160 112 128 128 144 128 144 144 160 128 144 144 160 144 160 160 176 
 64  80  80  96  80  96  96 112  80  96  96 112  96 112 112 128  80  96  96 112  96 112 112 128  96 112 112 128 112 128 128 144  80  96  96 112  96 112 112 128  96 112 112 128 112 128 128 144  96 112 112 128 112 128 128 144 112 128 128 144 128 144 144 160  80  96  96 112  96 112 112 128  96 112 112 128 112 128 128 144  96 112 112 128 112 128 128 144 112 128 128 144 128 144 144 160  96 112 112 128 112 128 128 144 112 128 128 144 128 144 144 160 112 128 128 144 128 144 144 160 128 144 144 160 144 160 160 176  80  96  96 112  96 112 112 128  96 112 112 128 112 128 128 144  96 112 112 128 112 128 128 144 112 128 128 144 128 144 144 160  96 112 112 128 112 128 128 144 112 128 128 144 128 144 144 160 112 128 128 144 128 144 144 160 128 144 144 160 144 160 160 176  96 112 112 128 112 128 128 144 112 128 128 144 128 144 144 160 112 128 128 144 128 144 144 160 128 144 144 160 144 160 160 176 112 128 128 144 128 144 144 160 128 144 144 160 144 160 160 176 128 144 144 160 144 160 160 176 144 160 160 176 160 176 176 192 
 64  80  80  96  80  96  96 112  80  96  96 112  96 112 112 128  80  96  96 112  96 112 112 128  96 112 112 128 112 128 128 144  80  96  96 112  96 112 112 128  96 112 112 128 112 128 128 144  96 112 112 128 112 128 128 144 112 128 128 144 128 144 144 160  80  96  96 112  96 112 112 128  96 112 112 128 112 128 128 144  96 112 112 128 112 128 128 144 112 128 128 144 128 144 144 160  96 112 112 128 112 128 128 144 112 128 128 144 128 144 144 160 112 128 128 144 128 144 144 160 128 144 144 160 144 160 160 176  80  96  96 112  96 112 112 128  96 112 112 128 112 128 128 144  96 112 112 128 112 128 128 144 112 128 128 144 128 144 144 160  96 112 112 128 112 128 128 144 112 128 128 144 128 144 144 160 112 128 128 144 128 144 144 160 128 144 144 160 144 160 160 176  96 112 112 128 112 128 128 144 112 128 128 144 128 144 144 160 112 128 128 144 128 144 144 160 128 144 144 160 144 160 160 176 112 128 128 144 128 144 144 160 128 144 144 160 144 160 160 176 128 144 144 160 144 160 160 176 144 160 160 176 160 176 176 192 
 80  96  96 112  96 112 112 128  96 112 112 128 112 128 128 144  96 112 112 128 112 128 128 144 112 128 128 144 128 144 144 160  96 112 112 128 112 128 128 144 112 128 128 144 128 144 144 160 112 128 128 144 128 144 144 160 128 144 144 160 144 160 160 176  96 112 112 128 112 128 128 144 112 128 128 144 128 144 144 160 112 128 128 144 128 144 144 160 128 144 144 160 144 160 160 176 112 128 128 144 128 144 144 160 128 144 144 160 144 160 160 176 128 144 144 160 144 160 160 176 144 160 160 176 160 176 176 192  96 112 112 128 112 128 128 144 112 128 128 144 128 144 144 160 112 128 128 144 128 144 144 160 128 144 144 160 144 160 160 176 112 128 128 144 128 144 144 160 128 144 144 160 144 160 160 176 128 144 144 160 144 160 160 176 144 160 160 176 160 176 176 192 112 128 128 144 128 144 144 160 128 144 144 160 144 160 160 176 128 144 144 160 144 160 160 176 144 160 160 176 160 176 176 192 128 144 144 160 144 160 160 176 144 160 160 176 160 176 176 192 144 160 160 176 160 176 176 192 160 176 176 192 176 192 192 208 
 48  64  64  80  64  80  80  96  64  80  80  96  80  96  96 112  64  80  80  96  80  96  96 112  80  96  96 112  96 112 112 128  64  80  80  96  80  96  96 112  80  96  96 112  96 112 112 128  80  96  96 112  96 112 112 128  96 112 112 128 112 128 128 144  64  80  80  96  80  96  96 112  80  96  96 112  96 112 112 128  80  96  96 112  96 112 112 128  96 112 112 128 112 128 128 144  80  96  96 112  96 112 112 128  96 112 112 128 112 128 128 144  96 112 112 128 112 128 128 144 112 128 128 144 128 144 144 160  64  80  80  96  80  96  96 112  80  96  96 112  96 112 112 128  80  96  96 112  96 112 112 128  96 112 112 128 112 128 128 144  80  96  96 112  96 112 112 128  96 112 112 128 112 128 128 144  96 112 112 128 112 128 128 144 112 128 128 144 128 144 144 160  80  96  96 112  96 112 112 128  96 112 112 128 112 128 128 144  96 112 112 128 112 128 128 144 112 128 128 144 128 144 144 160  96 112 112 128 112 128 128 144 112 128 128 144 128 144 144 160 112 128 128 144 128 144 144 160 128 144 144 160 144 160 160 176 
 64  80  80  96  80  96  96 112  80  96  96 112  96 112 112 128  80  96  96 112  96 112 112 128  96 112 112 128 112 128 128 144  80  96  96 112  96 112 112 128  96 112 112 128 112 128 128 144  96 112 112 128 112 128 128 144 112 128 128 144 128 144 144 160  80  96  96 112  96 112 112 128  96 112 112 128 112 128 128 144  96 112 112 128 112 128 128 144 112 128 128 144 128 144 144 160  96 112 112 128 112 128 128 144 112 128 128 144 128 144 144 160 112 128 128 144 128 144 144 160 128 144 144 160 144 160 160 176  80  96  96 112  96 112 112 128  96 112 112 128 112 128 128 144  96 112 112 128 112 128 128 144 112 128 128 144 128 144 144 160  96 112 112 128 112 128 128 144 112 128 128 144 128 144 144 160 112 128 128 144 128 144 144 160 128 144 144 160 144 160 160 176  96 112 112 128 112 128 128 144 112 128 128 144 128 144 144 160 112 128 128 144 128 144 144 160 128 144 144 160 144 160 160 176 112 128 128 144 128 144 144 160 128 144 144 160 144 160 160 176 128 144 144 160 144 160 160 176 144 160 160 176 160 176 176 192 
 64  80  80  96  80  96  96 112  80  96  96 112  96 112 112 128  80  96  96 112  96 112 112 128  96 112 112 128 112 128 128 144  80  96  96 112  96 112 112 128  96 112 112 128 112 128 128 144  96 112 112 128 112 128 128 144 112 128 128 144 128 144 144 160  80  96  96 112  96 112 112 128  96 112 112 128 112 128 128 144  96 112 112 128 112 128 128 144 112 128 128 144 128 144 144 160  96 112 112 128 112 128 128 144 112 128 128 144 128 144 144 160 112 128 128 144 128 144 144 160 128 144 144 160 144 160 160 176  80  96  96 112  96 112 112 128  96 112 112 128 112 128 128 144  96 112 112 128 112 128 128 144 112 128 128 144 128 144 144 160  96 112 112 128 112 128 128 144 112 128 128 144 128 144 144 160 112 128 128 144 128 144 144 160 128 144 144 160 144 160 160 176  96 112 112 128 112 128 128 144 112 128 128 144 128 144 144 160 112 128 128 144 128 144 144 160 128 144 144 160 144 160 160 176 112 128 128 144 128 144 144 160 128 144 144 160 144 160 160 176 128 144 144 160 144 160 160 176 144 160 160 176 160 176 176 192 
 80  96  96 112  96 112 112 128  96 112 112 128 112 128 128 144  96 112 112 128 112 128 128 144 112 128 128 144 128 144 144 160  96 112 112 128 112 128 128 144 112 128 128 144 128 144 144 160 112 128 128 144 128 144 144 160 128 144 144 160 144 160 160 176  96 112 112 128 112 128 128 144 112 128 128 144 128 144 144 160 112 128 128 144 128 144 144 160 128 144 144 160 144 160 160 176 112 128 128 144 128 144 144 160 128 144 144 160 144 160 160 176 128 144 144 160 144 160 160 176 144 160 160 176 160 176 176 192  96 112 112 128 112 128 128 144 112 128 128 144 128 144 144 160 112 128 128 144 128 144 144 160 128 144 144 160 144 160 160 176 112 128 128 144 128 144 144 160 128 144 144 160 144 160 160 176 128 144 144 160 144 160 160 176 144 160 160 176 160 176 176 192 112 128 128 144 128 144 144 160 128 144 144 160 144 160 160 176 128 144 144 160 144 160 160 176 144 160 160 176 160 176 176 192 128 144 144 160 144 160 160 176 144 160 160 176 160 176 176 192 144 160 160 176 160 176 176 192 160 176 176 192 176 192 192 208 
 64  80  80  96  80  96  96 112  80  96  96 112  96 112 112 128  80  96  96 112  96 112 112 128  96 112 112 128 112 128 128 144  80  96  96 112  96 112 112 128  96 112 112 128 112 128 128 144  96 112 112 128 112 128 128 144 112 128 128 144 128 144 144 160  80  96  96 112  96 112 112 128  96 112 112 128 112 128 128 144  96 112 112 128 112 128 128 144 112 128 128 144 128 144 144 160  96 112 112 128 112 128 128 144 112 128 128 144 128 144 144 160 112 128 128 144 128 144 144 160 128 144 144 160 144 160 160 176  80  96  96 112  96 112 112 128  96 112 112 128 112 128 128 144  96 112 112 128 112 128 128 144 112 128 128 144 128 144 144 160  96 112 112 128 112 128 128 144 112 128 128 144 128 144 144 160 112 128 128 144 128 144 144 160 128 144 144 160 144 160 160 176  96 112 112 128 112 128 128 144 112 128 128 144 128 144 144 160 112 128 128 144 128 144 144 160 128 144 144 160 144 160 160 176 112 128 128 144 128 144 144 160 128 144 144 160 144 160 160 176 128 144 144 160 144 160 160 176 144 160 160 176 160 176 176 192 
 80  96  96 112  96 112 112 128  96 112 112 128 112 128 128 144  96 112 112 128 112 128 128 144 112 128 128 144 128 144 144 160  96 112 112 128 112 128 128 144 112 128 128 144 128 144 144 160 112 128 128 144 128 144 144 160 128 144 144 160 144 160 160 176  96 112 112 128 112 128 128 144 112 128 128 144 128 144 144 160 112 128 128 144 128 144 144 160 128 144 144 160 144 160 160 176 112 128 128 144 128 144 144 160 128 144 144 160 144 160 160 176 128 144 144 160 144 160 160 176 144 160 160 176 160 176 176 192  96 112 112 128 112 128 128 144 112 128 128 144 128 144 144 160 112 128 128 144 128 144 144 160 128 144 144 160 144 160 160 176 112 128 128 144 128 144 144 160 128 144 144 160 144 160 160 176 128 144 144 160 144 160 160 176 144 160 160 176 160 176 176 192 112 128 128 144 128 144 144 160 128 144 144 160 144 160 160 176 128 144 144 160 144 160 160 176 144 160 160 176 160 176 176 192 128 144 144 160 144 160 160 176 144 160 160 176 160 176 176 192 144 160 160 176 160 176 176 192 160 176 176 192 176 192 192 208 
 80  96  96 112  96 112 112 128  96 112 112 128 112 128 128 144  96 112 112 128 112 128 128 144 112 128 128 144 128 144 144 160  96 112 112 128 112 128 128 144 112 128 128 144 128 144 144 160 112 128 128 144 128 144 144 160 128 144 144 160 144 160 160 176  96 112 112 128 112 128 128 144 112 128 128 144 128 144 144 160 112 128 128 144 128 144 144 160 128 144 144 160 144 160 160 176 112 128 128 144 128 144 144 160 128 144 144 160 144 160 160 176 128 144 144 160 144 160 160 176 144 160 160 176 160 176 176 192  96 112 112 128 112 128 128 144 112 128 128 144 128 144 144 160 112 128 128 144 128 144 144 160 128 144 144 160 144 160 160 176 112 128 128 144 128 144 144 160 128 144 144 160 144 160 160 176 128 144 144 160 144 160 160 176 144 160 160 176 160 176 176 192 112 128 128 144 128 144 144 160 128 144 144 160 144 160 160 176 128 144 144 160 144 160 160 176 144 160 160 176 160 176 176 192 128 144 144 160 144 160 160 176 144 160 160 176 160 176 176 192 144 160 160 176 160 176 176 192 160 176 176 192 176 192 192 208 
 96 112 112 128 112 128 128 144 112 128 128 144 128 144 144 160 112 128 128 144 128 144 144 160 128 144 144 160 144 160 160 176 112 128 128 144 128 144 144 160 128 144 144 160 144 160 160 176 128 144 144 160 144 160 160 176 144 160 160 176 160 176 176 192 112 128 128 144 128 144 144 160 128 144 144 160 144 160 160 176 128 144 144 160 144 160 160 176 144 160 160 176 160 176 176 192 128 144 144 160 144 160 160 176 144 160 160 176 160 176 176 192 144 160 160 176 160 176 176 192 160 176 176 192 176 192 192 208 112 128 128 144 128 144 144 160 128 144 144 160 144 160 160 176 128 144 144 160 144 160 160 176 144 160 160 176 160 176 176 192 128 144 144 160 144 160 160 176 144 160 160 176 160 176 176 192 144 160 160 176 160 176 176 192 160 176 176 192 176 192 192 208 128 144 144 160 144 160 160 176 144 160 160 176 160 176 176 192 144 160 160 176 160 176 176 192 160 176 176 192 176 192 192 208 144 160 160 176 160 176 176 192 160 176 176 192 176 192 192 208 160 176 176 192 176 192 192 208 176 192 192 208 192 208 208 224 
 48  64  64  80  64  80  80  96  64  80  80  96  80  96  96 112  64  80  80  96  80  96  96 112  80  96  96 112  96 112 112 128  64  80  80  96  80  96  96 112  80  96  96 112  96 112 112 128  80  96  96 112  96 112 112 128  96 112 112 128 112 128 128 144  64  80  80  96  80  96  96 112  80  96  96 112  96 112 112 128  80  96  96 112  96 112 112 128  96 112 112 128 112 128 128 144  80  96  96 112  96 112 112 128  96 112 112 128 112 128 128 144  96 112 112 128 112 128 128 144 112 128 128 144 128 144 144 160  64  80  80  96  80  96  96 112  80  96  96 112  96 112 112 128  80  96  96 112  96 112 112 128  96 112 112 128 112 128 128 144  80  96  96 112  96 112 112 128  96 112 112 128 112 128 128 144  96 112 112 128 112 128 128 144 112 128 128 144 128 144 144 160  80  96  96 112  96 112 112 128  96 112 112 128 112 128 128 144  96 112 112 128 112 128 128 144 112 128 128 144 128 144 144 160  96 112 112 128 112 128 128 144 112 128 128 144 128 144 144 160 112 128 128 144 128 144 144 160 128 144 144 160 144 160 160 176 
 64  80  80  96  80  96  96 112  80  96  96 112  96 112 112 128  80  96  96 112  96 112 112 128  96 112 112 128 112 128 128 144  80  96  96 112  96 112 112 128  96 112 112 128 112 128 128 144  96 112 112 128 112 128 128 144 112 128 128 144 128 144 144 160  80  96  96 112  96 112 112 128  96 112 112 128 112 128 128 144  96 112 112 128 112 128 128 144 112 128 128 144 128 144 144 160  96 112 112 128 112 128 128 144 112 128 128 144 128 144 144 160 112 128 128 144 128 144 144 160 128 144 144 160 144 160 160 176  80  96  96 112  96 112 112 128  96 112 112 128 112 128 128 144  96 112 112 128 112 128 128 144 112 128 128 144 128 144 144 160  96 112 112 128 112 128 128 144 112 128 128 144 128 144 144 160 112 128 128 144 128 144 144 160 128 144 144 160 144 160 160 176  96 112 112 128 112 128 128 144 112 128 128 144 128 144 144 160 112 128 128 144 128 144 144 160 128 144 144 160 144 160 160 176 112 128 128 144 128 144 144 160 128 144 144 160 144 160 160 176 128 144 144 160 144 160 160 176 144 160 160 176 160 176 176 192 
 64  80  80  96  80  96  96 112  80  96  96 112  96 112 112 128  80  96  96 112  96 112 112 128  96 112 112 128 112 128 128 144  80  96  96 112  96 112 112 128  96 112 112 128 112 128 128 144  96 112 112 128 112 128 128 144 112 128 128 144 128 144 144 160  80  96  96 112  96 112 112 128  96 112 112 128 112 128 128 144  96 112 112 128 112 128 128 144 112 128 128 144 128 144 144 160  96 112 112 128 112 128 128 144 112 128 128 144 128 144 144 160 112 128 128 144 128 144 144 160 128 144 144 160 144 160 160 176  80  96  96 112  96 112 112 128  96 112 112 128 112 128 128 144  96 112 112 128 112 128 128 144 112 128 128 144 128 144 144 160  96 112 112 128 112 128 128 144 112 128 128 144 128 144 144 160 112 128 128 144 128 144 144 160 128 144 144 160 144 160 160 176  96 112 112 128 112 128 128 144 112 128 128 144 128 144 144 160 112 128 128 144 128 144 144 160 128 144 144 160 144 160 160 176 112 128 128 144 128 144 144 160 128 144 144 160 144 160 160 176 128 144 144 160 144 160 160 176 144 160 160 176 160 176 176 192 
 80  96  96 112  96 112 112 128  96 112 112 128 112 128 128 144  96 112 112 128 112 128 128 144 112 128 128 144 128 144 144 160  96 112 112 128 112 128 128 144 112 128 128 144 128 144 144 160 112 128 128 144 128 144 144 160 128 144 144 160 144 160 160 176  96 112 112 128 112 128 128 144 112 128 128 144 128 144 144 160 112 128 128 144 128 144 144 160 128 144 144 160 144 160 160 176 112 128 128 144 128 144 144 160 128 144 144 160 144 160 160 176 128 144 144 160 144 160 160 176 144 160 160 176 160 176 176 192  96 112 112 128 112 128 128 144 112 128 128 144 128 144 144 160 112 128 128 144 128 144 144 160 128 144 144 160 144 160 160 176 112 128 128 144 128 144 144 160 128 144 144 160 144 160 160 176 128 144 144 160 144 160 160 176 144 160 160 176 160 176 176 192 112 128 128 144 128 144 144 160 128 144 144 160 144 160 160 176 128 144 144 160 144 160 160 176 144 160 160 176 160 176 176 192 128 144 144 160 144 160 160 176 144 160 160 176 160 176 176 192 144 160 160 176 160 176 176 192 160 176 176 192 176 192 192 208 
 64  80  80  96  80  96  96 112  80  96  96 112  96 112 112 128  80  96  96 112  96 112 112 128  96 112 112 128 112 128 128 144  80  96  96 112  96 112 112 128  96 112 112 128 112 128 128 144  96 112 112 128 112 128 128 144 112 128 128 144 128 144 144 160  80  96  96 112  96 112 112 128  96 112 112 128 112 128 128 144  96 112 112 128 112 128 128 144 112 128 128 144 128 144 144 160  96 112 112 128 112 128 128 144 112 128 128 144 128 144 144 160 112 128 128 144 128 144 144 160 128 144 144 160 144 160 160 176  80  96  96 112  96 112 112 128  96 112 112 128 112 128 128 144  96 112 112 128 112 128 128 144 112 128 128 144 128 144 144 160  96 112 112 128 112 128 128 144 112 128 128 144 128 144 144 160 112 128 128 144 128 144 144 160 128 144 144 160 144 160 160 176  96 112 112 128 112 128 128 144 112 128 128 144 128 144 144 160 112 128 128 144 128 144 144 160 128 144 144 160 144 160 160 176 112 128 128 144 128 144 144 160 128 144 144 160 144 160 160 176 128 144 144 160 144 160 160 176 144 160 160 176 160 176 176 192 
 80  96  96 112  96 112 112 128  96 112 112 128 112 128 128 144  96 112 112 128 112 128 128 144 112 128 128 144 128 144 144 160  96 112 112 128 112 128 128 144 112 128 128 144 128 144 144 160 112 128 128 144 128 144 144 160 128 144 144 160 144 160 160 176  96 112 112 128 112 128 128 144 112 128 128 144 128 144 144 160 112 128 128 144 128 144 144 160 128 144 144 160 144 160 160 176 112 128 128 144 128 144 144 160 128 144 144 160 144 160 160 176 128 144 144 160 144 160 160 176 144 160 160 176 160 176 176 192  96 112 112 128 112 128 128 144 112 128 128 144 128 144 144 160 112 128 128 144 128 144 144 160 128 144 144 160 144 160 160 176 112 128 128 144 128 144 144 160 128 144 144 160 144 160 160 176 128 144 144 160 144 160 160 176 144 160 160 176 160 176 176 192 112 128 128 144 128 144 144 160 128 144 144 160 144 160 160 176 128 144 144 160 144 160 160 176 144 160 160 176 160 176 176 192 128 144 144 160 144 160 160 176 144 160 160 176 160 176 176 192 144 160 160 176 160 176 176 192 160 176 176 192 176 192 192 208 
 80  96  96 112  96 112 112 128  96 112 112 128 112 128 128 144  96 112 112 128 112 128 128 144 112 128 128 144 128 144 144 160  96 112 112 128 112 128 128 144 112 128 128 144 128 144 144 160 112 128 128 144 128 144 144 160 128 144 144 160 144 160 160 176  96 112 112 128 112 128 128 144 112 128 128 144 128 144 144 160 112 128 128 144 128 144 144 160 128 144 144 160 144 160 160 176 112 128 128 144 128 144 144 160 128 144 144 160 144 160 160 176 128 144 144 160 144 160 160 176 144 160 160 176 160 176 176 192  96 112 112 128 112 128 128 144 112 128 128 144 128 144 144 160 112 128 128 144 128 144 144 160 128 144 144 160 144 160 160 176 112 128 128 144 128 144 144 160 128 144 144 160 144 160 160 176 128 144 144 160 144 160 160 176 144 160 160 176 160 176 176 192 112 128 128 144 128 144 144 160 128 144 144 160 144 160 160 176 128 144 144 160 144 160 160 176 144 160 160 176 160 176 176 192 128 144 144 160 144 160 160 176 144 160 160 176 160 176 176 192 144 160 160 176 160 176 176 192 160 176 176 192 176 192 192 208 
 96 112 112 128 112 128 128 144 112 128 128 144 128 144 144 160 112 128 128 144 128 144 144 160 128 144 144 160 144 160 160 176 112 128 128 144 128 144 144 160 128 144 144 160 144 160 160 176 128 144 144 160 144 160 160 176 144 160 160 176 160 176 176 192 112 128 128 144 128 144 144 160 128 144 144 160 144 160 160 176 128 144 144 160 144 160 160 176 144 160 160 176 160 176 176 192 128 144 144 160 144 160 160 176 144 160 160 176 160 176 176 192 144 160 160 176 160 176 176 192 160 176 176 192 176 192 192 208 112 128 128 144 128 144 144 160 128 144 144 160 144 160 160 176 128 144 144 160 144 160 160 176 144 160 160 176 160 176 176 192 128 144 144 160 144 160 160 176 144 160 160 176 160 176 176 192 144 160 160 176 160 176 176 192 160 176 176 192 176 192 192 208 128 144 144 160 144 160 160 176 144 160 160 176 160 176 176 192 144 160 160 176 160 176 176 192 160 176 176 192 176 192 192 208 144 160 160 176 160 176 176 192 160 176 176 192 176 192 192 208 160 176 176 192 176 192 192 208 176 192 192 208 192 208 208 224 
 64  80  80  96  80  96  96 112  80  96  96 112  96 112 112 128  80  96  96 112  96 112 112 128  96 112 112 128 112 128 128 144  80  96  96 112  96 112 112 128  96 112 112 128 112 128 128 144  96 112 112 128 112 128 128 144 112 128 128 144 128 144 144 160  80  96  96 112  96 112 112 128  96 112 112 128 112 128 128 144  96 112 112 128 112 128 128 144 112 128 128 144 128 144 144 160  96 112 112 128 112 128 128 144 112 128 128 144 128 144 144 160 112 128 128 144 128 144 144 160 128 144 144 160 144 160 160 176  80  96  96 112  96 112 112 128  96 112 112 128 112 128 128 144  96 112 112 128 112 128 128 144 112 128 128 144 128 144 144 160  96 112 112 128 112 128 128 144 112 128 128 144 128 144 144 160 112 128 128 144 128 144 144 160 128 144 144 160 144 160 160 176  96 112 112 128 112 128 128 144 112 128 128 144 128 144 144 160 112 128 128 144 128 144 144 160 128 144 144 160 144 160 160 176 112 128 128 144 128 144 144 160 128 144 144 160 144 160 160 176 128 144 144 160 144 160 160 176 144 160 160 176 160 176 176 192 
 80  96  96 112  96 112 112 128  96 112 112 128 112 128 128 144  96 112 112 128 112 128 128 144 112 128 128 144 128 144 144 160  96 112 112 128 112 128 128 144 112 128 128 144 128 144 144 160 112 128 128 144 128 144 144 160 128 144 144 160 144 160 160 176  96 112 112 128 112 128 128 144 112 128 128 144 128 144 144 160 112 128 128 144 128 144 144 160 128 144 144 160 144 160 160 176 112 128 128 144 128 144 144 160 128 144 144 160 144 160 160 176 128 144 144 160 144 160 160 176 144 160 160 176 160 176 176 192  96 112 112 128 112 128 128 144 112 128 128 144 128 144 144 160 112 128 128 144 128 144 144 160 128 144 144 160 144 160 160 176 112 128 128 144 128 144 144 160 128 144 144 160 144 160 160 176 128 144 144 160 144 160 160 176 144 160 160 176 160 176 176 192 112 128 128 144 128 144 144 160 128 144 144 160 144 160 160 176 128 144 144 160 144 160 160 176 144 160 160 176 160 176 176 192 128 144 144 160 144 160 160 176 144 160 160 176 160 176 176 192 144 160 160 176 160 176 176 192 160 176 176 192 176 192 192 208 
 80  96  96 112  96 112 112 128  96 112 112 128 112 128 128 144  96 112 112 128 112 128 128 144 112 128 128 144 128 144 144 160  96 112 112 128 112 128 128 144 112 128 128 144 128 144 144 160 112 128 128 144 128 144 144 160 128 144 144 160 144 160 160 176  96 112 112 128 112 128 128 144 112 128 128 144 128 144 144 160 112 128 128 144 128 144 144 160 128 144 144 160 144 160 160 176 112 128 128 144 128 144 144 160 128 144 144 160 144 160 160 176 128 144 144 160 144 160 160 176 144 160 160 176 160 176 176 192  96 112 112 128 112 128 128 144 112 128 128 144 128 144 144 160 112 128 128 144 128 144 144 160 128 144 144 160 144 160 160 176 112 128 128 144 128 144 144 160 128 144 144 160 144 160 160 176 128 144 144 160 144 160 160 176 144 160 160 176 160 176 176 192 112 128 128 144 128 144 144 160 128 144 144 160 144 160 160 176 128 144 144 160 144 160 160 176 144 160 160 176 160 176 176 192 128 144 144 160 144 160 160 176 144 160 160 176 160 176 176 192 144 160 160 176 160 176 176 192 160 176 176 192 176 192 192 208 
 96 112 112 128 112 128 128 144 112 128 128 144 128 144 144 160 112 128 128 144 128 144 144 160 128 144 144 160 144 160 160 176 112 128 128 144 128 144 144 160 128 144 144 160 144 160 160 176 128 144 144 160 144 160 160 176 144 160 160 176 160 176 176 192 112 128 128 144 128 144 144 160 128 144 144 160 144 160 160 176 128 144 144 160 144 160 160 176 144 160 160 176 160 176 176 192 128 144 144 160 144 160 160 176 144 160 160 176 160 176 176 192 144 160 160 176 160 176 176 192 160 176 176 192 176 192 192 208 112 128 128 144 128 144 144 160 128 144 144 160 144 160 160 176 128 144 144 160 144 160 160 176 144 160 160 176 160 176 176 192 128 144 144 160 144 160 160 176 144 160 160 176 160 176 176 192 144 160 160 176 160 176 176 192 160 176 176 192 176 192 192 208 128 144 144 160 144 160 160 176 144 160 160 176 160 176 176 192 144 160 160 176 160 176 176 192 160 176 176 192 176 192 192 208 144 160 160 176 160 176 176 192 160 176 176 192 176 192 192 208 160 176 176 192 176 192 192 208 176 192 192 208 192 208 208 224 
 80  96  96 112  96 112 112 128  96 112 112 128 112 128 128 144  96 112 112 128 112 128 128 144 112 128 128 144 128 144 144 160  96 112 112 128 112 128 128 144 112 128 128 144 128 144 144 160 112 128 128 144 128 144 144 160 128 144 144 160 144 160 160 176  96 112 112 128 112 128 128 144 112 128 128 144 128 144 144 160 112 128 128 144 128 144 144 160 128 144 144 160 144 160 160 176 112 128 128 144 128 144 144 160 128 144 144 160 144 160 160 176 128 144 144 160 144 160 160 176 144 160 160 176 160 176 176 192  96 112 112 128 112 128 128 144 112 128 128 144 128 144 144 160 112 128 128 144 128 144 144 160 128 144 144 160 144 160 160 176 112 128 128 144 128 144 144 160 128 144 144 160 144 160 160 176 128 144 144 160 144 160 160 176 144 160 160 176 160 176 176 192 112 128 128 144 128 144 144 160 128 144 144 160 144 160 160 176 128 144 144 160 144 160 160 176 144 160 160 176 160 176 176 192 128 144 144 160 144 160 160 176 144 160 160 176 160 176 176 192 144 160 160 176 160 176 176 192 160 176 176 192 176 192 192 208 
 96 112 112 128 112 128 128 144 112 128 128 144 128 144 144 160 112 128 128 144 128 144 144 160 128 144 144 160 144 160 160 176 112 128 128 144 128 144 144 160 128 144 144 160 144 160 160 176 128 144 144 160 144 160 160 176 144 160 160 176 160 176 176 192 112 128 128 144 128 144 144 160 128 144 144 160 144 160 160 176 128 144 144 160 144 160 160 176 144 160 160 176 160 176 176 192 128 144 144 160 144 160 160 176 144 160 160 176 160 176 176 192 144 160 160 176 160 176 176 192 160 176 176 192 176 192 192 208 112 128 128 144 128 144 144 160 128 144 144 160 144 160 160 176 128 144 144 160 144 160 160 176 144 160 160 176 160 176 176 192 128 144 144 160 144 160 160 176 144 160 160 176 160 176 176 192 144 160 160 176 160 176 176 192 160 176 176 192 176 192 192 208 128 144 144 160 144 160 160 176 144 160 160 176 160 176 176 192 144 160 160 176 160 176 176 192 160 176 176 192 176 192 192 208 144 160 160 176 160 176 176 192 160 176 176 192 176 192 192 208 160 176 176 192 176 192 192 208 176 192 192 208 192 208 208 224 
 96 112 112 128 112 128 128 144 112 128 128 144 128 144 144 160 112 128 128 144 128 144 144 160 128 144 144 160 144 160 160 176 112 128 128 144 128 144 144 160 128 144 144 160 144 160 160 176 128 144 144 160 144 160 160 176 144 160 160 176 160 176 176 192 112 128 128 144 128 144 144 160 128 144 144 160 144 160 160 176 128 144 144 160 144 160 160 176 144 160 160 176 160 176 176 192 128 144 144 160 144 160 160 176 144 160 160 176 160 176 176 192 144 160 160 176 160 176 176 192 160 176 176 192 176 192 192 208 112 128 128 144 128 144 144 160 128 144 144 160 144 160 160 176 128 144 144 160 144 160 160 176 144 160 160 176 160 176 176 192 128 144 144 160 144 160 160 176 144 160 160 176 160 176 176 192 144 160 160 176 160 176 176 192 160 176 176 192 176 192 192 208 128 144 144 160 144 160 160 176 144 160 160 176 160 176 176 192 144 160 160 176 160 176 176 192 160 176 176 192 176 192 192 208 144 160 160 176 160 176 176 192 160 176 176 192 176 192 192 208 160 176 176 192 176 192 192 208 176 192 192 208 192 208 208 224 
112 128 128 144 128 144 144 160 128 144 144 160 144 160 160 176 128 144 144 160 144 160 160 176 144 160 160 176 160 176 176 192 128 144 144 160 144 160 160 176 144 160 160 176 160 176 176 192 144 160 160 176 160 176 176 192 160 176 176 192 176 192 192 208 128 144 144 160 144 160 160 176 144 160 160 176 160 176 176 192 144 160 160 176 160 176 176 192 160 176 176 192 176 192 192 208 144 160 160 176 160 176 176 192 160 176 176 192 176 192 192 208 160 176 176 192 176 192 192 208 176 192 192 208 192 208 208 224 128 144 144 160 144 160 160 176 144 160 160 176 160 176 176 192 144 160 160 176 160 176 176 192 160 176 176 192 176 192 192 208 144 160 160 176 160 176 176 192 160 176 176 192 176 192 192 208 160 176 176 192 176 192 192 208 176 192 192 208 192 208 208 224 144 160 160 176 160 176 176 192 160 176 176 192 176 192 192 208 160 176 176 192 176 192 192 208 176 192 192 208 192 208 208 224 160 176 176 192 176 192 192 208 176 192 192 208 192 208 208 224 176 192 192 208 192 208 208 224 192 208 208 224 208 224 224 240 
 32  48  48  64  48  64  64  80  48  64  64  80  64  80  80  96  48  64  64  80  64  80  80  96  64  80  80  96  80  96  96 112  48  64  64  80  64  80  80  96  64  80  80  96  80  96  96 112  64  80  80  96  80  96  96 112  80  96  96 112  96 112 112 128  48  64  64  80  64  80  80  96  64  80  80  96  80  96  96 112  64  80  80  96  80  96  96 112  80  96  96 112  96 112 112 128  64  80  80  96  80  96  96 112  80  96  96 112  96 112 112 128  80  96  96 112  96 112 112 128  96 112 112 128 112 128 128 144  48  64  64  80  64  80  80  96  64  80  80  96  80  96  96 112  64  80  80  96  80  96  96 112  80  96  96 112  96 112 112 128  64  80  80  96  80  96  96 112  80  96  96 112  96 112 112 128  80  96  96 112  96 112 112 128  96 112 112 128 112 128 128 144  64  80  80  96  80  96  96 112  80  96  96 112  96 112 112 128  80  96  96 112  96 112 112 128  96 112 112 128 112 128 128 144  80  96  96 112  96 112 112 128  96 112 112 128 112 128 128 144  96 112 112 128 112 128 128 144 112 128 128 144 128 144 144 160 
 48  64  64  80  64  80  80  96  64  80  80  96  80  96  96 112  64  80  80  96  80  96  96 112  80  96  96 112  96 112 112 128  64  80  80  96  80  96  96 112  80  96  96 112  96 112 112 128  80  96  96 112  96 112 112 128  96 112 112 128 112 128 128 144  64  80  80  96  80  96  96 112  80  96  96 112  96 112 112 128  80  96  96 112  96 112 112 128  96 112 112 128 112 128 128 144  80  96  96 112  96 112 112 128  96 112 112 128 112 128 128 144  96 112 112 128 112 128 128 144 112 128 128 144 128 144 144 160  64  80  80  96  80  96  96 112  80  96  96 112  96 112 112 128  80  96  96 112  96 112 112 128  96 112 112 128 112 128 128 144  80  96  96 112  96 112 112 128  96 112 112 128 112 128 128 144  96 112 112 128 112 128 128 144 112 128 128 144 128 144 144 160  80  96  96 112  96 112 112 128  96 112 112 128 112 128 128 144  96 112 112 128 112 128 128 144 112 128 128 144 128 144 144 160  96 112 112 128 112 128 128 144 112 128 128 144 128 144 144 160 112 128 128 144 128 144 144 160 128 144 144 160 144 160 160 176 
 48  64  64  80  64  80  80  96  64  80  80  96  80  96  96 112  64  80  80  96  80  96  96 112  80  96  96 112  96 112 112 128  64  80  80  96  80  96  96 112  80  96  96 112  96 112 112 128  80  96  96 112  96 112 112 128  96 112 112 128 112 128 128 144  64  80  80  96  80  96  96 112  80  96  96 112  96 112 112 128  80  96  96 112  96 112 112 128  96 112 112 128 112 128 128 144  80  96  96 112  96 112 112 128  96 112 112 128 112 128 128 144  96 112 112 128 112 128 128 144 112 128 128 144 128 144 144 160  64  80  80  96  80  96  96 112  80  96  96 112  96 112 112 128  80  96  96 112  96 112 112 128  96 112 112 128 112 128 128 144  80  96  96 112  96 112 112 128  96 112 112 128 112 128 128 144  96 112 112 128 112 128 128 144 112 128 128 144 128 144 144 160  80  96  96 112  96 112 112 128  96 112 112 128 112 128 128 144  96 112 112 128 112 128 128 144 112 128 128 144 128 144 144 160  96 112 112 128 112 128 128 144 112 128 128 144 128 144 144 160 112 128 128 144 128 144 144 160 128 144 144 160 144 160 160 176 
 64  80  80  96  80  96  96 112  80  96  96 112  96 112 112 128  80  96  96 112  96 112 112 128  96 112 112 128 112 128 128 144  80  96  96 112  96 112 112 128  96 112 112 128 112 128 128 144  96 112 112 128 112 128 128 144 112 128 128 144 128 144 144 160  80  96  96 112  96 112 112 128  96 112 112 128 112 128 128 144  96 112 112 128 112 128 128 144 112 128 128 144 128 144 144 160  96 112 112 128 112 128 128 144 112 128 128 144 128 144 144 160 112 128 128 144 128 144 144 160 128 144 144 160 144 160 160 176  80  96  96 112  96 112 112 128  96 112 112 128 112 128 128 144  96 112 112 128 112 128 128 144 112 128 128 144 128 144 144 160  96 112 112 128 112 128 128 144 112 128 128 144 128 144 144 160 112 128 128 144 128 144 144 160 128 144 144 160 144 160 160 176  96 112 112 128 112 128 128 144 112 128 128 144 128 144 144 160 112 128 128 144 128 144 144 160 128 144 144 160 144 160 160 176 112 128 128 144 128 144 144 160 128 144 144 160 144 160 160 176 128 144 144 160 144 160 160 176 144 160 160 176 160 176 176 192 
 48  64  64  80  64  80  80  96  64  80  80  96  80  96  96 112  64  80  80  96  80  96  96 112  80  96  96 112  96 112 112 128  64  80  80  96  80  96  96 112  80  96  96 112  96 112 112 128  80  96  96 112  96 112 112 128  96 112 112 128 112 128 128 144  64  80  80  96  80  96  96 112  80  96  96 112  96 112 112 128  80  96  96 112  96 112 112 128  96 112 112 128 112 128 128 144  80  96  96 112  96 112 112 128  96 112 112 128 112 128 128 144  96 112 112 128 112 128 128 144 112 128 128 144 128 144 144 160  64  80  80  96  80  96  96 112  80  96  96 112  96 112 112 128  80  96  96 112  96 112 112 128  96 112 112 128 112 128 128 144  80  96  96 112  96 112 112 128  96 112 112 128 112 128 128 144  96 112 112 128 112 128 128 144 112 128 128 144 128 144 144 160  80  96  96 112  96 112 112 128  96 112 112 128 112 128 128 144  96 112 112 128 112 128 128 144 112 128 128 144 128 144 144 160  96 112 112 128 112 128 128 144 112 128 128 144 128 144 144 160 112 128 128 144 128 144 144 160 128 144 144 160 144 160 160 176 
 64  80  80  96  80  96  96 112  80  96  96 112  96 112 112 128  80  96  96 112  96 112 112 128  96 112 112 128 112 128 128 144  80  96  96 112  96 112 112 128  96 112 112 128 112 128 128 144  96 112 112 128 112 128 128 144 112 128 128 144 128 144 144 160  80  96  96 112  96 112 112 128  96 112 112 128 112 128 128 144  96 112 112 128 112 128 128 144 112 128 128 144 128 144 144 160  96 112 112 128 112 128 128 144 112 128 128 144 128 144 144 160 112 128 128 144 128 144 144 160 128 144 144 160 144 160 160 176  80  96  96 112  96 112 112 128  96 112 112 128 112 128 128 144  96 112 112 128 112 128 128 144 112 128 128 144 128 144 144 160  96 112 112 128 112 128 128 144 112 128 128 144 128 144 144 160 112 128 128 144 128 144 144 160 128 144 144 160 144 160 160 176  96 112 112 128 112 128 128 144 112 128 128 144 128 144 144 160 112 128 128 144 128 144 144 160 128 144 144 160 144 160 160 176 112 128 128 144 128 144 144 160 128 144 144 160 144 160 160 176 128 144 144 160 144 160 160 176 144 160 160 176 160 176 176 192 
 64  80  80  96  80  96  96 112  80  96  96 112  96 112 112 128  80  96  96 112  96 112 112 128  96 112 112 128 112 128 128 144  80  96  96 112  96 112 112 128  96 112 112 128 112 128 128 144  96 112 112 128 112 128 128 144 112 128 128 144 128 144 144 160  80  96  96 112  96 112 112 128  96 112 112 128 112 128 128 144  96 112 112 128 112 128 128 144 112 128 128 144 128 144 144 160  96 112 112 128 112 128 128 144 112 128 128 144 128 144 144 160 112 128 128 144 128 144 144 160 128 144 144 160 144 160 160 176  80  96  96 112  96 112 112 128  96 112 112 128 112 128 128 144  96 112 112 128 112 128 128 144 112 128 128 144 128 144 144 160  96 112 112 128 112 128 128 144 112 128 128 144 128 144 144 160 112 128 128 144 128 144 144 160 128 144 144 160 144 160 160 176  96 112 112 128 112 128 128 144 112 128 128 144 128 144 144 160 112 128 128 144 128 144 144 160 128 144 144 160 144 160 160 176 112 128 128 144 128 144 144 160 128 144 144 160 144 160 160 176 128 144 144 160 144 160 160 176 144 160 160 176 160 176 176 192 
 80  96  96 112  96 112 112 128  96 112 112 128 112 128 128 144  96 112 112 128 112 128 128 144 112 128 128 144 128 144 144 160  96 112 112 128 112 128 128 144 112 128 128 144 128 144 144 160 112 128 128 144 128 144 144 160 128 144 144 160 144 160 160 176  96 112 112 128 112 128 128 144 112 128 128 144 128 144 144 160 112 128 128 144 128 144 144 160 128 144 144 160 144 160 160 176 112 128 128 144 128 144 144 160 128 144 144 160 144 160 160 176 128 144 144 160 144 160 160 176 144 160 160 176 160 176 176 192  96 112 112 128 112 128 128 144 112 128 128 144 128 144 144 160 112 128 128 144 128 144 144 160 128 144 144 160 144 160 160 176 112 128 128 144 128 144 144 160 128 144 144 160 144 160 160 176 128 144 144 160 144 160 160 176 144 160 160 176 160 176 176 192 112 128 128 144 128 144 144 160 128 144 144 160 144 160 160 176 128 144 144 160 144 160 160 176 144 160 160 176 160 176 176 192 128 144 144 160 144 160 160 176 144 160 160 176 160 176 176 192 144 160 160 176 160 176 176 192 160 176 176 192 176 192 192 208 
 48  64  64  80  64  80  80  96  64  80  80  96  80  96  96 112  64  80  80  96  80  96  96 112  80  96  96 112  96 112 112 128  64  80  80  96  80  96  96 112  80  96  96 112  96 112 112 128  80  96  96 112  96 112 112 128  96 112 112 128 112 128 128 144  64  80  80  96  80  96  96 112  80  96  96 112  96 112 112 128  80  96  96 112  96 112 112 128  96 112 112 128 112 128 128 144  80  96  96 112  96 112 112 128  96 112 112 128 112 128 128 144  96 112 112 128 112 128 128 144 112 128 128 144 128 144 144 160  64  80  80  96  80  96  96 112  80  96  96 112  96 112 112 128  80  96  96 112  96 112 112 128  96 112 112 128 112 128 128 144  80  96  96 112  96 112 112 128  96 112 112 128 112 128 128 144  96 112 112 128 112 128 128 144 112 128 128 144 128 144 144 160  80  96  96 112  96 112 112 128  96 112 112 128 112 128 128 144  96 112 112 128 112 128 128 144 112 128 128 144 128 144 144 160  96 112 112 128 112 128 128 144 112 128 128 144 128 144 144 160 112 128 128 144 128 144 144 160 128 144 144 160 144 160 160 176 
 64  80  80  96  80  96  96 112  80  96  96 112  96 112 112 128  80  96  96 112  96 112 112 128  96 112 112 128 112 128 128 144  80  96  96 112  96 112 112 128  96 112 112 128 112 128 128 144  96 112 112 128 112 128 128 144 112 128 128 144 128 144 144 160  80  96  96 112  96 112 112 128  96 112 112 128 112 128 128 144  96 112 112 128 112 128 128 144 112 128 128 144 128 144 144 160  96 112 112 128 112 128 128 144 112 128 128 144 128 144 144 160 112 128 128 144 128 144 144 160 128 144 144 160 144 160 160 176  80  96  96 112  96 112 112 128  96 112 112 128 112 128 128 144  96 112 112 128 112 128 128 144 112 128 128 144 128 144 144 160  96 112 112 128 112 128 128 144 112 128 128 144 128 144 144 160 112 128 128 144 128 144 144 160 128 144 144 160 144 160 160 176  96 112 112 128 112 128 128 144 112 128 128 144 128 144 144 160 112 128 128 144 128 144 144 160 128 144 144 160 144 160 160 176 112 128 128 144 128 144 144 160 128 144 144 160 144 160 160 176 128 144 144 160 144 160 160 176 144 160 160 176 160 176 176 192 
 64  80  80  96  80  96  96 112  80  96  96 112  96 112 112 128  80  96  96 112  96 112 112 128  96 112 112 128 112 128 128 144  80  96  96 112  96 112 112 128  96 112 112 128 112 128 128 144  96 112 112 128 112 128 128 144 112 128 128 144 128 144 144 160  80  96  96 112  96 112 112 128  96 112 112 128 112 128 128 144  96 112 112 128 112 128 128 144 112 128 128 144 128 144 144 160  96 112 112 128 112 128 128 144 112 128 128 144 128 144 144 160 112 128 128 144 128 144 144 160 128 144 144 160 144 160 160 176  80  96  96 112  96 112 112 128  96 112 112 128 112 128 128 144  96 112 112 128 112 128 128 144 112 128 128 144 128 144 144 160  96 112 112 128 112 128 128 144 112 128 128 144 128 144 144 160 112 128 128 144 128 144 144 160 128 144 144 160 144 160 160 176  96 112 112 128 112 128 128 144 112 128 128 144 128 144 144 160 112 128 128 144 128 144 144 160 128 144 144 160 144 160 160 176 112 128 128 144 128 144 144 160 128 144 144 160 144 160 160 176 128 144 144 160 144 160 160 176 144 160 160 176 160 176 176 192 
 80  96  96 112  96 112 112 128  96 112 112 128 112 128 128 144  96 112 112 128 112 128 128 144 112 128 128 144 128 144 144 160  96 112 112 128 112 128 128 144 112 128 128 144 128 144 144 160 112 128 128 144 128 144 144 160 128 144 144 160 144 160 160 176  96 112 112 128 112 128 128 144 112 128 128 144 128 144 144 160 112 128 128 144 128 144 144 160 128 144 144 160 144 160 160 176 112 128 128 144 128 144 144 160 128 144 144 160 144 160 160 176 128 144 144 160 144 160 160 176 144 160 160 176 160 176 176 192  96 112 112 128 112 128 128 144 112 128 128 144 128 144 144 160 112 128 128 144 128 144 144 160 128 144 144 160 144 160 160 176 112 128 128 144 128 144 144 160 128 144 144 160 144 160 160 176 128 144 144 160 144 160 160 176 144 160 160 176 160 176 176 192 112 128 128 144 128 144 144 160 128 144 144 160 144 160 160 176 128 144 144 160 144 160 160 176 144 160 160 176 160 176 176 192 128 144 144 160 144 160 160 176 144 160 160 176 160 176 176 192 144 160 160 176 160 176 176 192 160 176 176 192 176 192 192 208 
 64  80  80  96  80  96  96 112  80  96  96 112  96 112 112 128  80  96  96 112  96 112 112 128  96 112 112 128 112 128 128 144  80  96  96 112  96 112 112 128  96 112 112 128 112 128 128 144  96 112 112 128 112 128 128 144 112 128 128 144 128 144 144 160  80  96  96 112  96 112 112 128  96 112 112 128 112 128 128 144  96 112 112 128 112 128 128 144 112 128 128 144 128 144 144 160  96 112 112 128 112 128 128 144 112 128 128 144 128 144 144 160 112 128 128 144 128 144 144 160 128 144 144 160 144 160 160 176  80  96  96 112  96 112 112 128  96 112 112 128 112 128 128 144  96 112 112 128 112 128 128 144 112 128 128 144 128 144 144 160  96 112 112 128 112 128 128 144 112 128 128 144 128 144 144 160 112 128 128 144 128 144 144 160 128 144 144 160 144 160 160 176  96 112 112 128 112 128 128 144 112 128 128 144 128 144 144 160 112 128 128 144 128 144 144 160 128 144 144 160 144 160 160 176 112 128 128 144 128 144 144 160 128 144 144 160 144 160 160 176 128 144 144 160 144 160 160 176 144 160 160 176 160 176 176 192 
 80  96  96 112  96 112 112 128  96 112 112 128 112 128 128 144  96 112 112 128 112 128 128 144 112 128 128 144 128 144 144 160  96 112 112 128 112 128 128 144 112 128 128 144 128 144 144 160 112 128 128 144 128 144 144 160 128 144 144 160 144 160 160 176  96 112 112 128 112 128 128 144 112 128 128 144 128 144 144 160 112 128 128 144 128 144 144 160 128 144 144 160 144 160 160 176 112 128 128 144 128 144 144 160 128 144 144 160 144 160 160 176 128 144 144 160 144 160 160 176 144 160 160 176 160 176 176 192  96 112 112 128 112 128 128 144 112 128 128 144 128 144 144 160 112 128 128 144 128 144 144 160 128 144 144 160 144 160 160 176 112 128 128 144 128 144 144 160 128 144 144 160 144 160 160 176 128 144 144 160 144 160 160 176 144 160 160 176 160 176 176 192 112 128 128 144 128 144 144 160 128 144 144 160 144 160 160 176 128 144 144 160 144 160 160 176 144 160 160 176 160 176 176 192 128 144 144 160 144 160 160 176 144 160 160 176 160 176 176 192 144 160 160 176 160 176 176 192 160 176 176 192 176 192 192 208 
 80  96  96 112  96 112 112 128  96 112 112 128 112 128 128 144  96 112 112 128 112 128 128 144 112 128 128 144 128 144 144 160  96 112 112 128 112 128 128 144 112 128 128 144 128 144 144 160 112 128 128 144 128 144 144 160 128 144 144 160 144 160 160 176  96 112 112 128 112 128 128 144 112 128 128 144 128 144 144 160 112 128 128 144 128 144 144 160 128 144 144 160 144 160 160 176 112 128 128 144 128 144 144 160 128 144 144 160 144 160 160 176 128 144 144 160 144 160 160 176 144 160 160 176 160 176 176 192  96 112 112 128 112 128 128 144 112 128 128 144 128 144 144 160 112 128 128 144 128 144 144 160 128 144 144 160 144 160 160 176 112 128 128 144 128 144 144 160 128 144 144 160 144 160 160 176 128 144 144 160 144 160 160 176 144 160 160 176 160 176 176 192 112 128 128 144 128 144 144 160 128 144 144 160 144 160 160 176 128 144 144 160 144 160 160 176 144 160 160 176 160 176 176 192 128 144 144 160 144 160 160 176 144 160 160 176 160 176 176 192 144 160 160 176 160 176 176 192 160 176 176 192 176 192 192 208 
 96 112 112 128 112 128 128 144 112 128 128 144 128 144 144 160 112 128 128 144 128 144 144 160 128 144 144 160 144 160 160 176 112 128 128 144 128 144 144 160 128 144 144 160 144 160 160 176 128 144 144 160 144 160 160 176 144 160 160 176 160 176 176 192 112 128 128 144 128 144 144 160 128 144 144 160 144 160 160 176 128 144 144 160 144 160 160 176 144 160 160 176 160 176 176 192 128 144 144 160 144 160 160 176 144 160 160 176 160 176 176 192 144 160 160 176 160 176 176 192 160 176 176 192 176 192 192 208 112 128 128 144 128 144 144 160 128 144 144 160 144 160 160 176 128 144 144 160 144 160 160 176 144 160 160 176 160 176 176 192 128 144 144 160 144 160 160 176 144 160 160 176 160 176 176 192 144 160 160 176 160 176 176 192 160 176 176 192 176 192 192 208 128 144 144 160 144 160 160 176 144 160 160 176 160 176 176 192 144 160 160 176 160 176 176 192 160 176 176 192 176 192 192 208 144 160 160 176 160 176 176 192 160 176 176 192 176 192 192 208 160 176 176 192 176 192 192 208 176 192 192 208 192 208 208 224 
 48  64  64  80  64  80  80  96  64  80  80  96  80  96  96 112  64  80  80  96  80  96  96 112  80  96  96 112  96 112 112 128  64  80  80  96  80  96  96 112  80  96  96 112  96 112 112 128  80  96  96 112  96 112 112 128  96 112 112 128 112 128 128 144  64  80  80  96  80  96  96 112  80  96  96 112  96 112 112 128  80  96  96 112  96 112 112 128  96 112 112 128 112 128 128 144  80  96  96 112  96 112 112 128  96 112 112 128 112 128 128 144  96 112 112 128 112 128 128 144 112 128 128 144 128 144 144 160  64  80  80  96  80  96  96 112  80  96  96 112  96 112 112 128  80  96  96 112  96 112 112 128  96 112 112 128 112 128 128 144  80  96  96 112  96 112 112 128  96 112 112 128 112 128 128 144  96 112 112 128 112 128 128 144 112 128 128 144 128 144 144 160  80  96  96 112  96 112 112 128  96 112 112 128 112 128 128 144  96 112 112 128 112 128 128 144 112 128 128 144 128 144 144 160  96 112 112 128 112 128 128 144 112 128 128 144 128 144 144 160 112 128 128 144 128 144 144 160 128 144 144 160 144 160 160 176 
 64  80  80  96  80  96  96 112  80  96  96 112  96 112 112 128  80  96  96 112  96 112 112 128  96 112 112 128 112 128 128 144  80  96  96 112  96 112 112 128  96 112 112 128 112 128 128 144  96 112 112 128 112 128 128 144 112 128 128 144 128 144 144 160  80  96  96 112  96 112 112 128  96 112 112 128 112 128 128 144  96 112 112 128 112 128 128 144 112 128 128 144 128 144 144 160  96 112 112 128 112 128 128 144 112 128 128 144 128 144 144 160 112 128 128 144 128 144 144 160 128 144 144 160 144 160 160 176  80  96  96 112  96 112 112 128  96 112 112 128 112 128 128 144  96 112 112 128 112 128 128 144 112 128 128 144 128 144 144 160  96 112 112 128 112 128 128 144 112 128 128 144 128 144 144 160 112 128 128 144 128 144 144 160 128 144 144 160 144 160 160 176  96 112 112 128 112 128 128 144 112 128 128 144 128 144 144 160 112 128 128 144 128 144 144 160 128 144 144 160 144 160 160 176 112 128 128 144 128 144 144 160 128 144 144 160 144 160 160 176 128 144 144 160 144 160 160 176 144 160 160 176 160 176 176 192 
 64  80  80  96  80  96  96 112  80  96  96 112  96 112 112 128  80  96  96 112  96 112 112 128  96 112 112 128 112 128 128 144  80  96  96 112  96 112 112 128  96 112 112 128 112 128 128 144  96 112 112 128 112 128 128 144 112 128 128 144 128 144 144 160  80  96  96 112  96 112 112 128  96 112 112 128 112 128 128 144  96 112 112 128 112 128 128 144 112 128 128 144 128 144 144 160  96 112 112 128 112 128 128 144 112 128 128 144 128 144 144 160 112 128 128 144 128 144 144 160 128 144 144 160 144 160 160 176  80  96  96 112  96 112 112 128  96 112 112 128 112 128 128 144  96 112 112 128 112 128 128 144 112 128 128 144 128 144 144 160  96 112 112 128 112 128 128 144 112 128 128 144 128 144 144 160 112 128 128 144 128 144 144 160 128 144 144 160 144 160 160 176  96 112 112 128 112 128 128 144 112 128 128 144 128 144 144 160 112 128 128 144 128 144 144 160 128 144 144 160 144 160 160 176 112 128 128 144 128 144 144 160 128 144 144 160 144 160 160 176 128 144 144 160 144 160 160 176 144 160 160 176 160 176 176 192 
 80  96  96 112  96 112 112 128  96 112 112 128 112 128 128 144  96 112 112 128 112 128 128 144 112 128 128 144 128 144 144 160  96 112 112 128 112 128 128 144 112 128 128 144 128 144 144 160 112 128 128 144 128 144 144 160 128 144 144 160 144 160 160 176  96 112 112 128 112 128 128 144 112 128 128 144 128 144 144 160 112 128 128 144 128 144 144 160 128 144 144 160 144 160 160 176 112 128 128 144 128 144 144 160 128 144 144 160 144 160 160 176 128 144 144 160 144 160 160 176 144 160 160 176 160 176 176 192  96 112 112 128 112 128 128 144 112 128 128 144 128 144 144 160 112 128 128 144 128 144 144 160 128 144 144 160 144 160 160 176 112 128 128 144 128 144 144 160 128 144 144 160 144 160 160 176 128 144 144 160 144 160 160 176 144 160 160 176 160 176 176 192 112 128 128 144 128 144 144 160 128 144 144 160 144 160 160 176 128 144 144 160 144 160 160 176 144 160 160 176 160 176 176 192 128 144 144 160 144 160 160 176 144 160 160 176 160 176 176 192 144 160 160 176 160 176 176 192 160 176 176 192 176 192 192 208 
 64  80  80  96  80  96  96 112  80  96  96 112  96 112 112 128  80  96  96 112  96 112 112 128  96 112 112 128 112 128 128 144  80  96  96 112  96 112 112 128  96 112 112 128 112 128 128 144  96 112 112 128 112 128 128 144 112 128 128 144 128 144 144 160  80  96  96 112  96 112 112 128  96 112 112 128 112 128 128 144  96 112 112 128 112 128 128 144 112 128 128 144 128 144 144 160  96 112 112 128 112 128 128 144 112 128 128 144 128 144 144 160 112 128 128 144 128 144 144 160 128 144 144 160 144 160 160 176  80  96  96 112  96 112 112 128  96 112 112 128 112 128 128 144  96 112 112 128 112 128 128 144 112 128 128 144 128 144 144 160  96 112 112 128 112 128 128 144 112 128 128 144 128 144 144 160 112 128 128 144 128 144 144 160 128 144 144 160 144 160 160 176  96 112 112 128 112 128 128 144 112 128 128 144 128 144 144 160 112 128 128 144 128 144 144 160 128 144 144 160 144 160 160 176 112 128 128 144 128 144 144 160 128 144 144 160 144 160 160 176 128 144 144 160 144 160 160 176 144 160 160 176 160 176 176 192 
 80  96  96 112  96 112 112 128  96 112 112 128 112 128 128 144  96 112 112 128 112 128 128 144 112 128 128 144 128 144 144 160  96 112 112 128 112 128 128 144 112 128 128 144 128 144 144 160 112 128 128 144 128 144 144 160 128 144 144 160 144 160 160 176  96 112 112 128 112 128 128 144 112 128 128 144 128 144 144 160 112 128 128 144 128 144 144 160 128 144 144 160 144 160 160 176 112 128 128 144 128 144 144 160 128 144 144 160 144 160 160 176 128 144 144 160 144 160 160 176 144 160 160 176 160 176 176 192  96 112 112 128 112 128 128 144 112 128 128 144 128 144 144 160 112 128 128 144 128 144 144 160 128 144 144 160 144 160 160 176 112 128 128 144 128 144 144 160 128 144 144 160 144 160 160 176 128 144 144 160 144 160 160 176 144 160 160 176 160 176 176 192 112 128 128 144 128 144 144 160 128 144 144 160 144 160 160 176 128 144 144 160 144 160 160 176 144 160 160 176 160 176 176 192 128 144 144 160 144 160 160 176 144 160 160 176 160 176 176 192 144 160 160 176 160 176 176 192 160 176 176 192 176 192 192 208 
 80  96  96 112  96 112 112 128  96 112 112 128 112 128 128 144  96 112 112 128 112 128 128 144 112 128 128 144 128 144 144 160  96 112 112 128 112 128 128 144 112 128 128 144 128 144 144 160 112 128 128 144 128 144 144 160 128 144 144 160 144 160 160 176  96 112 112 128 112 128 128 144 112 128 128 144 128 144 144 160 112 128 128 144 128 144 144 160 128 144 144 160 144 160 160 176 112 128 128 144 128 144 144 160 128 144 144 160 144 160 160 176 128 144 144 160 144 160 160 176 144 160 160 176 160 176 176 192  96 112 112 128 112 128 128 144 112 128 128 144 128 144 144 160 112 128 128 144 128 144 144 160 128 144 144 160 144 160 160 176 112 128 128 144 128 144 144 160 128 144 144 160 144 160 160 176 128 144 144 160 144 160 160 176 144 160 160 176 160 176 176 192 112 128 128 144 128 144 144 160 128 144 144 160 144 160 160 176 128 144 144 160 144 160 160 176 144 160 160 176 160 176 176 192 128 144 144 160 144 160 160 176 144 160 160 176 160 176 176 192 144 160 160 176 160 176 176 192 160 176 176 192 176 192 192 208 
 96 112 112 128 112 128 128 144 112 128 128 144 128 144 144 160 112 128 128 144 128 144 144 160 128 144 144 160 144 160 160 176 112 128 128 144 128 144 144 160 128 144 144 160 144 160 160 176 128 144 144 160 144 160 160 176 144 160 160 176 160 176 176 192 112 128 128 144 128 144 144 160 128 144 144 160 144 160 160 176 128 144 144 160 144 160 160 176 144 160 160 176 160 176 176 192 128 144 144 160 144 160 160 176 144 160 160 176 160 176 176 192 144 160 160 176 160 176 176 192 160 176 176 192 176 192 192 208 112 128 128 144 128 144 144 160 128 144 144 160 144 160 160 176 128 144 144 160 144 160 160 176 144 160 160 176 160 176 176 192 128 144 144 160 144 160 160 176 144 160 160 176 160 176 176 192 144 160 160 176 160 176 176 192 160 176 176 192 176 192 192 208 128 144 144 160 144 160 160 176 144 160 160 176 160 176 176 192 144 160 160 176 160 176 176 192 160 176 176 192 176 192 192 208 144 160 160 176 160 176 176 192 160 176 176 192 176 192 192 208 160 176 176 192 176 192 192 208 176 192 192 208 192 208 208 224 
 64  80  80  96  80  96  96 112  80  96  96 112  96 112 112 128  80  96  96 112  96 112 112 128  96 112 112 128 112 128 128 144  80  96  96 112  96 112 112 128  96 112 112 128 112 128 128 144  96 112 112 128 112 128 128 144 112 128 128 144 128 144 144 160  80  96  96 112  96 112 112 128  96 112 112 128 112 128 128 144  96 112 112 128 112 128 128 144 112 128 128 144 128 144 144 160  96 112 112 128 112 128 128 144 112 128 128 144 128 144 144 160 112 128 128 144 128 144 144 160 128 144 144 160 144 160 160 176  80  96  96 112  96 112 112 128  96 112 112 128 112 128 128 144  96 112 112 128 112 128 128 144 112 128 128 144 128 144 144 160  96 112 112 128 112 128 128 144 112 128 128 144 128 144 144 160 112 128 128 144 128 144 144 160 128 144 144 160 144 160 160 176  96 112 112 128 112 128 128 144 112 128 128 144 128 144 144 160 112 128 128 144 128 144 144 160 128 144 144 160 144 160 160 176 112 128 128 144 128 144 144 160 128 144 144 160 144 160 160 176 128 144 144 160 144 160 160 176 144 160 160 176 160 176 176 192 
 80  96  96 112  96 112 112 128  96 112 112 128 112 128 128 144  96 112 112 128 112 128 128 144 112 128 128 144 128 144 144 160  96 112 112 128 112 128 128 144 112 128 128 144 128 144 144 160 112 128 128 144 128 144 144 160 128 144 144 160 144 160 160 176  96 112 112 128 112 128 128 144 112 128 128 144 128 144 144 160 112 128 128 144 128 144 144 160 128 144 144 160 144 160 160 176 112 128 128 144 128 144 144 160 128 144 144 160 144 160 160 176 128 144 144 160 144 160 160 176 144 160 160 176 160 176 176 192  96 112 112 128 112 128 128 144 112 128 128 144 128 144 144 160 112 128 128 144 128 144 144 160 128 144 144 160 144 160 160 176 112 128 128 144 128 144 144 160 128 144 144 160 144 160 160 176 128 144 144 160 144 160 160 176 144 160 160 176 160 176 176 192 112 128 128 144 128 144 144 160 128 144 144 160 144 160 160 176 128 144 144 160 144 160 160 176 144 160 160 176 160 176 176 192 128 144 144 160 144 160 160 176 144 160 160 176 160 176 176 192 144 160 160 176 160 176 176 192 160 176 176 192 176 192 192 208 
 80  96  96 112  96 112 112 128  96 112 112 128 112 128 128 144  96 112 112 128 112 128 128 144 112 128 128 144 128 144 144 160  96 112 112 128 112 128 128 144 112 128 128 144 128 144 144 160 112 128 128 144 128 144 144 160 128 144 144 160 144 160 160 176  96 112 112 128 112 128 128 144 112 128 128 144 128 144 144 160 112 128 128 144 128 144 144 160 128 144 144 160 144 160 160 176 112 128 128 144 128 144 144 160 128 144 144 160 144 160 160 176 128 144 144 160 144 160 160 176 144 160 160 176 160 176 176 192  96 112 112 128 112 128 128 144 112 128 128 144 128 144 144 160 112 128 128 144 128 144 144 160 128 144 144 160 144 160 160 176 112 128 128 144 128 144 144 160 128 144 144 160 144 160 160 176 128 144 144 160 144 160 160 176 144 160 160 176 160 176 176 192 112 128 128 144 128 144 144 160 128 144 144 160 144 160 160 176 128 144 144 160 144 160 160 176 144 160 160 176 160 176 176 192 128 144 144 160 144 160 160 176 144 160 160 176 160 176 176 192 144 160 160 176 160 176 176 192 160 176 176 192 176 192 192 208 
 96 112 112 128 112 128 128 144 112 128 128 144 128 144 144 160 112 128 128 144 128 144 144 160 128 144 144 160 144 160 160 176 112 128 128 144 128 144 144 160 128 144 144 160 144 160 160 176 128 144 144 160 144 160 160 176 144 160 160 176 160 176 176 192 112 128 128 144 128 144 144 160 128 144 144 160 144 160 160 176 128 144 144 160 144 160 160 176 144 160 160 176 160 176 176 192 128 144 144 160 144 160 160 176 144 160 160 176 160 176 176 192 144 160 160 176 160 176 176 192 160 176 176 192 176 192 192 208 112 128 128 144 128 144 144 160 128 144 144 160 144 160 160 176 128 144 144 160 144 160 160 176 144 160 160 176 160 176 176 192 128 144 144 160 144 160 160 176 144 160 160 176 160 176 176 192 144 160 160 176 160 176 176 192 160 176 176 192 176 192 192 208 128 144 144 160 144 160 160 176 144 160 160 176 160 176 176 192 144 160 160 176 160 176 176 192 160 176 176 192 176 192 192 208 144 160 160 176 160 176 176 192 160 176 176 192 176 192 192 208 160 176 176 192 176 192 192 208 176 192 192 208 192 208 208 224 
 80  96  96 112  96 112 112 128  96 112 112 128 112 128 128 144  96 112 112 128 112 128 128 144 112 128 128 144 128 144 144 160  96 112 112 128 112 128 128 144 112 128 128 144 128 144 144 160 112 128 128 144 128 144 144 160 128 144 144 160 144 160 160 176  96 112 112 128 112 128 128 144 112 128 128 144 128 144 144 160 112 128 128 144 128 144 144 160 128 144 144 160 144 160 160 176 112 128 128 144 128 144 144 160 128 144 144 160 144 160 160 176 128 144 144 160 144 160 160 176 144 160 160 176 160 176 176 192  96 112 112 128 112 128 128 144 112 128 128 144 128 144 144 160 112 128 128 144 128 144 144 160 128 144 144 160 144 160 160 176 112 128 128 144 128 144 144 160 128 144 144 160 144 160 160 176 128 144 144 160 144 160 160 176 144 160 160 176 160 176 176 192 112 128 128 144 128 144 144 160 128 144 144 160 144 160 160 176 128 144 144 160 144 160 160 176 144 160 160 176 160 176 176 192 128 144 144 160 144 160 160 176 144 160 160 176 160 176 176 192 144 160 160 176 160 176 176 192 160 176 176 192 176 192 192 208 
 96 112 112 128 112 128 128 144 112 128 128 144 128 144 144 160 112 128 128 144 128 144 144 160 128 144 144 160 144 160 160 176 112 128 128 144 128 144 144 160 128 144 144 160 144 160 160 176 128 144 144 160 144 160 160 176 144 160 160 176 160 176 176 192 112 128 128 144 128 144 144 160 128 144 144 160 144 160 160 176 128 144 144 160 144 160 160 176 144 160 160 176 160 176 176 192 128 144 144 160 144 160 160 176 144 160 160 176 160 176 176 192 144 160 160 176 160 176 176 192 160 176 176 192 176 192 192 208 112 128 128 144 128 144 144 160 128 144 144 160 144 160 160 176 128 144 144 160 144 160 160 176 144 160 160 176 160 176 176 192 128 144 144 160 144 160 160 176 144 160 160 176 160 176 176 192 144 160 160 176 160 176 176 192 160 176 176 192 176 192 192 208 128 144 144 160 144 160 160 176 144 160 160 176 160 176 176 192 144 160 160 176 160 176 176 192 160 176 176 192 176 192 192 208 144 160 160 176 160 176 176 192 160 176 176 192 176 192 192 208 160 176 176 192 176 192 192 208 176 192 192 208 192 208 208 224 
 96 112 112 128 112 128 128 144 112 128 128 144 128 144 144 160 112 128 128 144 128 144 144 160 128 144 144 160 144 160 160 176 112 128 128 144 128 144 144 160 128 144 144 160 144 160 160 176 128 144 144 160 144 160 160 176 144 160 160 176 160 176 176 192 112 128 128 144 128 144 144 160 128 144 144 160 144 160 160 176 128 144 144 160 144 160 160 176 144 160 160 176 160 176 176 192 128 144 144 160 144 160 160 176 144 160 160 176 160 176 176 192 144 160 160 176 160 176 176 192 160 176 176 192 176 192 192 208 112 128 128 144 128 144 144 160 128 144 144 160 144 160 160 176 128 144 144 160 144 160 160 176 144 160 160 176 160 176 176 192 128 144 144 160 144 160 160 176 144 160 160 176 160 176 176 192 144 160 160 176 160 176 176 192 160 176 176 192 176 192 192 208 128 144 144 160 144 160 160 176 144 160 160 176 160 176 176 192 144 160 160 176 160 176 176 192 160 176 176 192 176 192 192 208 144 160 160 176 160 176 176 192 160 176 176 192 176 192 192 208 160 176 176 192 176 192 192 208 176 192 192 208 192 208 208 224 
112 128 128 144 128 144 144 160 128 144 144 160 144 160 160 176 128 144 144 160 144 160 160 176 144 160 160 176 160 176 176 192 128 144 144 160 144 160 160 176 144 160 160 176 160 176 176 192 144 160 160 176 160 176 176 192 160 176 176 192 176 192 192 208 128 144 144 160 144 160 160 176 144 160 160 176 160 176 176 192 144 160 160 176 160 176 176 192 160 176 176 192 176 192 192 208 144 160 160 176 160 176 176 192 160 176 176 192 176 192 192 208 160 176 176 192 176 192 192 208 176 192 192 208 192 208 208 224 128 144 144 160 144 160 160 176 144 160 160 176 160 176 176 192 144 160 160 176 160 176 176 192 160 176 176 192 176 192 192 208 144 160 160 176 160 176 176 192 160 176 176 192 176 192 192 208 160 176 176 192 176 192 192 208 176 192 192 208 192 208 208 224 144 160 160 176 160 176 176 192 160 176 176 192 176 192 192 208 160 176 176 192 176 192 192 208 176 192 192 208 192 208 208 224 160 176 176 192 176 192 192 208 176 192 192 208 192 208 208 224 176 192 192 208 192 208 208 224 192 208 208 224 208 224 224 240 
 48  64  64  80  64  80  80  96  64  80  80  96  80  96  96 112  64  80  80  96  80  96  96 112  80  96  96 112  96 112 112 128  64  80  80  96  80  96  96 112  80  96  96 112  96 112 112 128  80  96  96 112  96 112 112 128  96 112 112 128 112 128 128 144  64  80  80  96  80  96  96 112  80  96  96 112  96 112 112 128  80  96  96 112  96 112 112 128  96 112 112 128 112 128 128 144  80  96  96 112  96 112 112 128  96 112 112 128 112 128 128 144  96 112 112 128 112 128 128 144 112 128 128 144 128 144 144 160  64  80  80  96  80  96  96 112  80  96  96 112  96 112 112 128  80  96  96 112  96 112 112 128  96 112 112 128 112 128 128 144  80  96  96 112  96 112 112 128  96 112 112 128 112 128 128 144  96 112 112 128 112 128 128 144 112 128 128 144 128 144 144 160  80  96  96 112  96 112 112 128  96 112 112 128 112 128 128 144  96 112 112 128 112 128 128 144 112 128 128 144 128 144 144 160  96 112 112 128 112 128 128 144 112 128 128 144 128 144 144 160 112 128 128 144 128 144 144 160 128 144 144 160 144 160 160 176 
 64  80  80  96  80  96  96 112  80  96  96 112  96 112 112 128  80  96  96 112  96 112 112 128  96 112 112 128 112 128 128 144  80  96  96 112  96 112 112 128  96 112 112 128 112 128 128 144  96 112 112 128 112 128 128 144 112 128 128 144 128 144 144 160  80  96  96 112  96 112 112 128  96 112 112 128 112 128 128 144  96 112 112 128 112 128 128 144 112 128 128 144 128 144 144 160  96 112 112 128 112 128 128 144 112 128 128 144 128 144 144 160 112 128 128 144 128 144 144 160 128 144 144 160 144 160 160 176  80  96  96 112  96 112 112 128  96 112 112 128 112 128 128 144  96 112 112 128 112 128 128 144 112 128 128 144 128 144 144 160  96 112 112 128 112 128 128 144 112 128 128 144 128 144 144 160 112 128 128 144 128 144 144 160 128 144 144 160 144 160 160 176  96 112 112 128 112 128 128 144 112 128 128 144 128 144 144 160 112 128 128 144 128 144 144 160 128 144 144 160 144 160 160 176 112 128 128 144 128 144 144 160 128 144 144 160 144 160 160 176 128 144 144 160 144 160 160 176 144 160 160 176 160 176 176 192 
 64  80  80  96  80  96  96 112  80  96  96 112  96 112 112 128  80  96  96 112  96 112 112 128  96 112 112 128 112 128 128 144  80  96  96 112  96 112 112 128  96 112 112 128 112 128 128 144  96 112 112 128 112 128 128 144 112 128 128 144 128 144 144 160  80  96  96 112  96 112 112 128  96 112 112 128 112 128 128 144  96 112 112 128 112 128 128 144 112 128 128 144 128 144 144 160  96 112 112 128 112 128 128 144 112 128 128 144 128 144 144 160 112 128 128 144 128 144 144 160 128 144 144 160 144 160 160 176  80  96  96 112  96 112 112 128  96 112 112 128 112 128 128 144  96 112 112 128 112 128 128 144 112 128 128 144 128 144 144 160  96 112 112 128 112 128 128 144 112 128 128 144 128 144 144 160 112 128 128 144 128 144 144 160 128 144 144 160 144 160 160 176  96 112 112 128 112 128 128 144 112 128 128 144 128 144 144 160 112 128 128 144 128 144 144 160 128 144 144 160 144 160 160 176 112 128 128 144 128 144 144 160 128 144 144 160 144 160 160 176 128 144 144 160 144 160 160 176 144 160 160 176 160 176 176 192 
 80  96  96 112  96 112 112 128  96 112 112 128 112 128 128 144  96 112 112 128 112 128 128 144 112 128 128 144 128 144 144 160  96 112 112 128 112 128 128 144 112 128 128 144 128 144 144 160 112 128 128 144 128 144 144 160 128 144 144 160 144 160 160 176  96 112 112 128 112 128 128 144 112 128 128 144 128 144 144 160 112 128 128 144 128 144 144 160 128 144 144 160 144 160 160 176 112 128 128 144 128 144 144 160 128 144 144 160 144 160 160 176 128 144 144 160 144 160 160 176 144 160 160 176 160 176 176 192  96 112 112 128 112 128 128 144 112 128 128 144 128 144 144 160 112 128 128 144 128 144 144 160 128 144 144 160 144 160 160 176 112 128 128 144 128 144 144 160 128 144 144 160 144 160 160 176 128 144 144 160 144 160 160 176 144 160 160 176 160 176 176 192 112 128 128 144 128 144 144 160 128 144 144 160 144 160 160 176 128 144 144 160 144 160 160 176 144 160 160 176 160 176 176 192 128 144 144 160 144 160 160 176 144 160 160 176 160 176 176 192 144 160 160 176 160 176 176 192 160 176 176 192 176 192 192 208 
 64  80  80  96  80  96  96 112  80  96  96 112  96 112 112 128  80  96  96 112  96 112 112 128  96 112 112 128 112 128 128 144  80  96  96 112  96 112 112 128  96 112 112 128 112 128 128 144  96 112 112 128 112 128 128 144 112 128 128 144 128 144 144 160  80  96  96 112  96 112 112 128  96 112 112 128 112 128 128 144  96 112 112 128 112 128 128 144 112 128 128 144 128 144 144 160  96 112 112 128 112 128 128 144 112 128 128 144 128 144 144 160 112 128 128 144 128 144 144 160 128 144 144 160 144 160 160 176  80  96  96 112  96 112 112 128  96 112 112 128 112 128 128 144  96 112 112 128 112 128 128 144 112 128 128 144 128 144 144 160  96 112 112 128 112 128 128 144 112 128 128 144 128 144 144 160 112 128 128 144 128 144 144 160 128 144 144 160 144 160 160 176  96 112 112 128 112 128 128 144 112 128 128 144 128 144 144 160 112 128 128 144 128 144 144 160 128 144 144 160 144 160 160 176 112 128 128 144 128 144 144 160 128 144 144 160 144 160 160 176 128 144 144 160 144 160 160 176 144 160 160 176 160 176 176 192 
 80  96  96 112  96 112 112 128  96 112 112 128 112 128 128 144  96 112 112 128 112 128 128 144 112 128 128 144 128 144 144 160  96 112 112 128 112 128 128 144 112 128 128 144 128 144 144 160 112 128 128 144 128 144 144 160 128 144 144 160 144 160 160 176  96 112 112 128 112 128 128 144 112 128 128 144 128 144 144 160 112 128 128 144 128 144 144 160 128 144 144 160 144 160 160 176 112 128 128 144 128 144 144 160 128 144 144 160 144 160 160 176 128 144 144 160 144 160 160 176 144 160 160 176 160 176 176 192  96 112 112 128 112 128 128 144 112 128 128 144 128 144 144 160 112 128 128 144 128 144 144 160 128 144 144 160 144 160 160 176 112 128 128 144 128 144 144 160 128 144 144 160 144 160 160 176 128 144 144 160 144 160 160 176 144 160 160 176 160 176 176 192 112 128 128 144 128 144 144 160 128 144 144 160 144 160 160 176 128 144 144 160 144 160 160 176 144 160 160 176 160 176 176 192 128 144 144 160 144 160 160 176 144 160 160 176 160 176 176 192 144 160 160 176 160 176 176 192 160 176 176 192 176 192 192 208 
 80  96  96 112  96 112 112 128  96 112 112 128 112 128 128 144  96 112 112 128 112 128 128 144 112 128 128 144 128 144 144 160  96 112 112 128 112 128 128 144 112 128 128 144 128 144 144 160 112 128 128 144 128 144 144 160 128 144 144 160 144 160 160 176  96 112 112 128 112 128 128 144 112 128 128 144 128 144 144 160 112 128 128 144 128 144 144 160 128 144 144 160 144 160 160 176 112 128 128 144 128 144 144 160 128 144 144 160 144 160 160 176 128 144 144 160 144 160 160 176 144 160 160 176 160 176 176 192  96 112 112 128 112 128 128 144 112 128 128 144 128 144 144 160 112 128 128 144 128 144 144 160 128 144 144 160 144 160 160 176 112 128 128 144 128 144 144 160 128 144 144 160 144 160 160 176 128 144 144 160 144 160 160 176 144 160 160 176 160 176 176 192 112 128 128 144 128 144 144 160 128 144 144 160 144 160 160 176 128 144 144 160 144 160 160 176 144 160 160 176 160 176 176 192 128 144 144 160 144 160 160 176 144 160 160 176 160 176 176 192 144 160 160 176 160 176 176 192 160 176 176 192 176 192 192 208 
 96 112 112 128 112 128 128 144 112 128 128 144 128 144 144 160 112 128 128 144 128 144 144 160 128 144 144 160 144 160 160 176 112 128 128 144 128 144 144 160 128 144 144 160 144 160 160 176 128 144 144 160 144 160 160 176 144 160 160 176 160 176 176 192 112 128 128 144 128 144 144 160 128 144 144 160 144 160 160 176 128 144 144 160 144 160 160 176 144 160 160 176 160 176 176 192 128 144 144 160 144 160 160 176 144 160 160 176 160 176 176 192 144 160 160 176 160 176 176 192 160 176 176 192 176 192 192 208 112 128 128 144 128 144 144 160 128 144 144 160 144 160 160 176 128 144 144 160 144 160 160 176 144 160 160 176 160 176 176 192 128 144 144 160 144 160 160 176 144 160 160 176 160 176 176 192 144 160 160 176 160 176 176 192 160 176 176 192 176 192 192 208 128 144 144 160 144 160 160 176 144 160 160 176 160 176 176 192 144 160 160 176 160 176 176 192 160 176 176 192 176 192 192 208 144 160 160 176 160 176 176 192 160 176 176 192 176 192 192 208 160 176 176 192 176 192 192 208 176 192 192 208 192 208 208 224 
 64  80  80  96  80  96  96 112  80  96  96 112  96 112 112 128  80  96  96 112  96 112 112 128  96 112 112 128 112 128 128 144  80  96  96 112  96 112 112 128  96 112 112 128 112 128 128 144  96 112 112 128 112 128 128 144 112 128 128 144 128 144 144 160  80  96  96 112  96 112 112 128  96 112 112 128 112 128 128 144  96 112 112 128 112 128 128 144 112 128 128 144 128 144 144 160  96 112 112 128 112 128 128 144 112 128 128 144 128 144 144 160 112 128 128 144 128 144 144 160 128 144 144 160 144 160 160 176  80  96  96 112  96 112 112 128  96 112 112 128 112 128 128 144  96 112 112 128 112 128 128 144 112 128 128 144 128 144 144 160  96 112 112 128 112 128 128 144 112 128 128 144 128 144 144 160 112 128 128 144 128 144 144 160 128 144 144 160 144 160 160 176  96 112 112 128 112 128 128 144 112 128 128 144 128 144 144 160 112 128 128 144 128 144 144 160 128 144 144 160 144 160 160 176 112 128 128 144 128 144 144 160 128 144 144 160 144 160 160 176 128 144 144 160 144 160 160 176 144 160 160 176 160 176 176 192 
 80  96  96 112  96 112 112 128  96 112 112 128 112 128 128 144  96 112 112 128 112 128 128 144 112 128 128 144 128 144 144 160  96 112 112 128 112 128 128 144 112 128 128 144 128 144 144 160 112 128 128 144 128 144 144 160 128 144 144 160 144 160 160 176  96 112 112 128 112 128 128 144 112 128 128 144 128 144 144 160 112 128 128 144 128 144 144 160 128 144 144 160 144 160 160 176 112 128 128 144 128 144 144 160 128 144 144 160 144 160 160 176 128 144 144 160 144 160 160 176 144 160 160 176 160 176 176 192  96 112 112 128 112 128 128 144 112 128 128 144 128 144 144 160 112 128 128 144 128 144 144 160 128 144 144 160 144 160 160 176 112 128 128 144 128 144 144 160 128 144 144 160 144 160 160 176 128 144 144 160 144 160 160 176 144 160 160 176 160 176 176 192 112 128 128 144 128 144 144 160 128 144 144 160 144 160 160 176 128 144 144 160 144 160 160 176 144 160 160 176 160 176 176 192 128 144 144 160 144 160 160 176 144 160 160 176 160 176 176 192 144 160 160 176 160 176 176 192 160 176 176 192 176 192 192 208 
 80  96  96 112  96 112 112 128  96 112 112 128 112 128 128 144  96 112 112 128 112 128 128 144 112 128 128 144 128 144 144 160  96 112 112 128 112 128 128 144 112 128 128 144 128 144 144 160 112 128 128 144 128 144 144 160 128 144 144 160 144 160 160 176  96 112 112 128 112 128 128 144 112 128 128 144 128 144 144 160 112 128 128 144 128 144 144 160 128 144 144 160 144 160 160 176 112 128 128 144 128 144 144 160 128 144 144 160 144 160 160 176 128 144 144 160 144 160 160 176 144 160 160 176 160 176 176 192  96 112 112 128 112 128 128 144 112 128 128 144 128 144 144 160 112 128 128 144 128 144 144 160 128 144 144 160 144 160 160 176 112 128 128 144 128 144 144 160 128 144 144 160 144 160 160 176 128 144 144 160 144 160 160 176 144 160 160 176 160 176 176 192 112 128 128 144 128 144 144 160 128 144 144 160 144 160 160 176 128 144 144 160 144 160 160 176 144 160 160 176 160 176 176 192 128 144 144 160 144 160 160 176 144 160 160 176 160 176 176 192 144 160 160 176 160 176 176 192 160 176 176 192 176 192 192 208 
 96 112 112 128 112 128 128 144 112 128 128 144 128 144 144 160 112 128 128 144 128 144 144 160 128 144 144 160 144 160 160 176 112 128 128 144 128 144 144 160 128 144 144 160 144 160 160 176 128 144 144 160 144 160 160 176 144 160 160 176 160 176 176 192 112 128 128 144 128 144 144 160 128 144 144 160 144 160 160 176 128 144 144 160 144 160 160 176 144 160 160 176 160 176 176 192 128 144 144 160 144 160 160 176 144 160 160 176 160 176 176 192 144 160 160 176 160 176 176 192 160 176 176 192 176 192 192 208 112 128 128 144 128 144 144 160 128 144 144 160 144 160 160 176 128 144 144 160 144 160 160 176 144 160 160 176 160 176 176 192 128 144 144 160 144 160 160 176 144 160 160 176 160 176 176 192 144 160 160 176 160 176 176 192 160 176 176 192 176 192 192 208 128 144 144 160 144 160 160 176 144 160 160 176 160 176 176 192 144 160 160 176 160 176 176 192 160 176 176 192 176 192 192 208 144 160 160 176 160 176 176 192 160 176 176 192 176 192 192 208 160 176 176 192 176 192 192 208 176 192 192 208 192 208 208 224 
 80  96  96 112  96 112 112 128  96 112 112 128 112 128 128 144  96 112 112 128 112 128 128 144 112 128 128 144 128 144 144 160  96 112 112 128 112 128 128 144 112 128 128 144 128 144 144 160 112 128 128 144 128 144 144 160 128 144 144 160 144 160 160 176  96 112 112 128 112 128 128 144 112 128 128 144 128 144 144 160 112 128 128 144 128 144 144 160 128 144 144 160 144 160 160 176 112 128 128 144 128 144 144 160 128 144 144 160 144 160 160 176 128 144 144 160 144 160 160 176 144 160 160 176 160 176 176 192  96 112 112 128 112 128 128 144 112 128 128 144 128 144 144 160 112 128 128 144 128 144 144 160 128 144 144 160 144 160 160 176 112 128 128 144 128 144 144 160 128 144 144 160 144 160 160 176 128 144 144 160 144 160 160 176 144 160 160 176 160 176 176 192 112 128 128 144 128 144 144 160 128 144 144 160 144 160 160 176 128 144 144 160 144 160 160 176 144 160 160 176 160 176 176 192 128 144 144 160 144 160 160 176 144 160 160 176 160 176 176 192 144 160 160 176 160 176 176 192 160 176 176 192 176 192 192 208 
 96 112 112 128 112 128 128 144 112 128 128 144 128 144 144 160 112 128 128 144 128 144 144 160 128 144 144 160 144 160 160 176 112 128 128 144 128 144 144 160 128 144 144 160 144 160 160 176 128 144 144 160 144 160 160 176 144 160 160 176 160 176 176 192 112 128 128 144 128 144 144 160 128 144 144 160 144 160 160 176 128 144 144 160 144 160 160 176 144 160 160 176 160 176 176 192 128 144 144 160 144 160 160 176 144 160 160 176 160 176 176 192 144 160 160 176 160 176 176 192 160 176 176 192 176 192 192 208 112 128 128 144 128 144 144 160 128 144 144 160 144 160 160 176 128 144 144 160 144 160 160 176 144 160 160 176 160 176 176 192 128 144 144 160 144 160 160 176 144 160 160 176 160 176 176 192 144 160 160 176 160 176 176 192 160 176 176 192 176 192 192 208 128 144 144 160 144 160 160 176 144 160 160 176 160 176 176 192 144 160 160 176 160 176 176 192 160 176 176 192 176 192 192 208 144 160 160 176 160 176 176 192 160 176 176 192 176 192 192 208 160 176 176 192 176 192 192 208 176 192 192 208 192 208 208 224 
 96 112 112 128 112 128 128 144 112 128 128 144 128 144 144 160 112 128 128 144 128 144 144 160 128 144 144 160 144 160 160 176 112 128 128 144 128 144 144 160 128 144 144 160 144 160 160 176 128 144 144 160 144 160 160 176 144 160 160 176 160 176 176 192 112 128 128 144 128 144 144 160 128 144 144 160 144 160 160 176 128 144 144 160 144 160 160 176 144 160 160 176 160 176 176 192 128 144 144 160 144 160 160 176 144 160 160 176 160 176 176 192 144 160 160 176 160 176 176 192 160 176 176 192 176 192 192 208 112 128 128 144 128 144 144 160 128 144 144 160 144 160 160 176 128 144 144 160 144 160 160 176 144 160 160 176 160 176 176 192 128 144 144 160 144 160 160 176 144 160 160 176 160 176 176 192 144 160 160 176 160 176 176 192 160 176 176 192 176 192 192 208 128 144 144 160 144 160 160 176 144 160 160 176 160 176 176 192 144 160 160 176 160 176 176 192 160 176 176 192 176 192 192 208 144 160 160 176 160 176 176 192 160 176 176 192 176 192 192 208 160 176 176 192 176 192 192 208 176 192 192 208 192 208 208 224 
112 128 128 144 128 144 144 160 128 144 144 160 144 160 160 176 128 144 144 160 144 160 160 176 144 160 160 176 160 176 176 192 128 144 144 160 144 160 160 176 144 160 160 176 160 176 176 192 144 160 160 176 160 176 176 192 160 176 176 192 176 192 192 208 128 144 144 160 144 160 160 176 144 160 160 176 160 176 176 192 144 160 160 176 160 176 176 192 160 176 176 192 176 192 192 208 144 160 160 176 160 176 176 192 160 176 176 192 176 192 192 208 160 176 176 192 176 192 192 208 176 192 192 208 192 208 208 224 128 144 144 160 144 160 160 176 144 160 160 176 160 176 176 192 144 160 160 176 160 176 176 192 160 176 176 192 176 192 192 208 144 160 160 176 160 176 176 192 160 176 176 192 176 192 192 208 160 176 176 192 176 192 192 208 176 192 192 208 192 208 208 224 144 160 160 176 160 176 176 192 160 176 176 192 176 192 192 208 160 176 176 192 176 192 192 208 176 192 192 208 192 208 208 224 160 176 176 192 176 192 192 208 176 192 192 208 192 208 208 224 176 192 192 208 192 208 208 224 192 208 208 224 208 224 224 240 
 64  80  80  96  80  96  96 112  80  96  96 112  96 112 112 128  80  96  96 112  96 112 112 128  96 112 112 128 112 128 128 144  80  96  96 112  96 112 112 128  96 112 112 128 112 128 128 144  96 112 112 128 112 128 128 144 112 128 128 144 128 144 144 160  80  96  96 112  96 112 112 128  96 112 112 128 112 128 128 144  96 112 112 128 112 128 128 144 112 128 128 144 128 144 144 160  96 112 112 128 112 128 128 144 112 128 128 144 128 144 144 160 112 128 128 144 128 144 144 160 128 144 144 160 144 160 160 176  80  96  96 112  96 112 112 128  96 112 112 128 112 128 128 144  96 112 112 128 112 128 128 144 112 128 128 144 128 144 144 160  96 112 112 128 112 128 128 144 112 128 128 144 128 144 144 160 112 128 128 144 128 144 144 160 128 144 144 160 144 160 160 176  96 112 112 128 112 128 128 144 112 128 128 144 128 144 144 160 112 128 128 144 128 144 144 160 128 144 144 160 144 160 160 176 112 128 128 144 128 144 144 160 128 144 144 160 144 160 160 176 128 144 144 160 144 160 160 176 144 160 160 176 160 176 176 192 
 80  96  96 112  96 112 112 128  96 112 112 128 112 128 128 144  96 112 112 128 112 128 128 144 112 128 128 144 128 144 144 160  96 112 112 128 112 128 128 144 112 128 128 144 128 144 144 160 112 128 128 144 128 144 144 160 128 144 144 160 144 160 160 176  96 112 112 128 112 128 128 144 112 128 128 144 128 144 144 160 112 128 128 144 128 144 144 160 128 144 144 160 144 160 160 176 112 128 128 144 128 144 144 160 128 144 144 160 144 160 160 176 128 144 144 160 144 160 160 176 144 160 160 176 160 176 176 192  96 112 112 128 112 128 128 144 112 128 128 144 128 144 144 160 112 128 128 144 128 144 144 160 128 144 144 160 144 160 160 176 112 128 128 144 128 144 144 160 128 144 144 160 144 160 160 176 128 144 144 160 144 160 160 176 144 160 160 176 160 176 176 192 112 128 128 144 128 144 144 160 128 144 144 160 144 160 160 176 128 144 144 160 144 160 160 176 144 160 160 176 160 176 176 192 128 144 144 160 144 160 160 176 144 160 160 176 160 176 176 192 144 160 160 176 160 176 176 192 160 176 176 192 176 192 192 208 
 80  96  96 112  96 112 112 128  96 112 112 128 112 128 128 144  96 112 112 128 112 128 128 144 112 128 128 144 128 144 144 160  96 112 112 128 112 128 128 144 112 128 128 144 128 144 144 160 112 128 128 144 128 144 144 160 128 144 144 160 144 160 160 176  96 112 112 128 112 128 128 144 112 128 128 144 128 144 144 160 112 128 128 144 128 144 144 160 128 144 144 160 144 160 160 176 112 128 128 144 128 144 144 160 128 144 144 160 144 160 160 176 128 144 144 160 144 160 160 176 144 160 160 176 160 176 176 192  96 112 112 128 112 128 128 144 112 128 128 144 128 144 144 160 112 128 128 144 128 144 144 160 128 144 144 160 144 160 160 176 112 128 128 144 128 144 144 160 128 144 144 160 144 160 160 176 128 144 144 160 144 160 160 176 144 160 160 176 160 176 176 192 112 128 128 144 128 144 144 160 128 144 144 160 144 160 160 176 128 144 144 160 144 160 160 176 144 160 160 176 160 176 176 192 128 144 144 160 144 160 160 176 144 160 160 176 160 176 176 192 144 160 160 176 160 176 176 192 160 176 176 192 176 192 192 208 
 96 112 112 128 112 128 128 144 112 128 128 144 128 144 144 160 112 128 128 144 128 144 144 160 128 144 144 160 144 160 160 176 112 128 128 144 128 144 144 160 128 144 144 160 144 160 160 176 128 144 144 160 144 160 160 176 144 160 160 176 160 176 176 192 112 128 128 144 128 144 144 160 128 144 144 160 144 160 160 176 128 144 144 160 144 160 160 176 144 160 160 176 160 176 176 192 128 144 144 160 144 160 160 176 144 160 160 176 160 176 176 192 144 160 160 176 160 176 176 192 160 176 176 192 176 192 192 208 112 128 128 144 128 144 144 160 128 144 144 160 144 160 160 176 128 144 144 160 144 160 160 176 144 160 160 176 160 176 176 192 128 144 144 160 144 160 160 176 144 160 160 176 160 176 176 192 144 160 160 176 160 176 176 192 160 176 176 192 176 192 192 208 128 144 144 160 144 160 160 176 144 160 160 176 160 176 176 192 144 160 160 176 160 176 176 192 160 176 176 192 176 192 192 208 144 160 160 176 160 176 176 192 160 176 176 192 176 192 192 208 160 176 176 192 176 192 192 208 176 192 192 208 192 208 208 224 
 80  96  96 112  96 112 112 128  96 112 112 128 112 128 128 144  96 112 112 128 112 128 128 144 112 128 128 144 128 144 144 160  96 112 112 128 112 128 128 144 112 128 128 144 128 144 144 160 112 128 128 144 128 144 144 160 128 144 144 160 144 160 160 176  96 112 112 128 112 128 128 144 112 128 128 144 128 144 144 160 112 128 128 144 128 144 144 160 128 144 144 160 144 160 160 176 112 128 128 144 128 144 144 160 128 144 144 160 144 160 160 176 128 144 144 160 144 160 160 176 144 160 160 176 160 176 176 192  96 112 112 128 112 128 128 144 112 128 128 144 128 144 144 160 112 128 128 144 128 144 144 160 128 144 144 160 144 160 160 176 112 128 128 144 128 144 144 160 128 144 144 160 144 160 160 176 128 144 144 160 144 160 160 176 144 160 160 176 160 176 176 192 112 128 128 144 128 144 144 160 128 144 144 160 144 160 160 176 128 144 144 160 144 160 160 176 144 160 160 176 160 176 176 192 128 144 144 160 144 160 160 176 144 160 160 176 160 176 176 192 144 160 160 176 160 176 176 192 160 176 176 192 176 192 192 208 
 96 112 112 128 112 128 128 144 112 128 128 144 128 144 144 160 112 128 128 144 128 144 144 160 128 144 144 160 144 160 160 176 112 128 128 144 128 144 144 160 128 144 144 160 144 160 160 176 128 144 144 160 144 160 160 176 144 160 160 176 160 176 176 192 112 128 128 144 128 144 144 160 128 144 144 160 144 160 160 176 128 144 144 160 144 160 160 176 144 160 160 176 160 176 176 192 128 144 144 160 144 160 160 176 144 160 160 176 160 176 176 192 144 160 160 176 160 176 176 192 160 176 176 192 176 192 192 208 112 128 128 144 128 144 144 160 128 144 144 160 144 160 160 176 128 144 144 160 144 160 160 176 144 160 160 176 160 176 176 192 128 144 144 160 144 160 160 176 144 160 160 176 160 176 176 192 144 160 160 176 160 176 176 192 160 176 176 192 176 192 192 208 128 144 144 160 144 160 160 176 144 160 160 176 160 176 176 192 144 160 160 176 160 176 176 192 160 176 176 192 176 192 192 208 144 160 160 176 160 176 176 192 160 176 176 192 176 192 192 208 160 176 176 192 176 192 192 208 176 192 192 208 192 208 208 224 
 96 112 112 128 112 128 128 144 112 128 128 144 128 144 144 160 112 128 128 144 128 144 144 160 128 144 144 160 144 160 160 176 112 128 128 144 128 144 144 160 128 144 144 160 144 160 160 176 128 144 144 160 144 160 160 176 144 160 160 176 160 176 176 192 112 128 128 144 128 144 144 160 128 144 144 160 144 160 160 176 128 144 144 160 144 160 160 176 144 160 160 176 160 176 176 192 128 144 144 160 144 160 160 176 144 160 160 176 160 176 176 192 144 160 160 176 160 176 176 192 160 176 176 192 176 192 192 208 112 128 128 144 128 144 144 160 128 144 144 160 144 160 160 176 128 144 144 160 144 160 160 176 144 160 160 176 160 176 176 192 128 144 144 160 144 160 160 176 144 160 160 176 160 176 176 192 144 160 160 176 160 176 176 192 160 176 176 192 176 192 192 208 128 144 144 160 144 160 160 176 144 160 160 176 160 176 176 192 144 160 160 176 160 176 176 192 160 176 176 192 176 192 192 208 144 160 160 176 160 176 176 192 160 176 176 192 176 192 192 208 160 176 176 192 176 192 192 208 176 192 192 208 192 208 208 224 
112 128 128 144 128 144 144 160 128 144 144 160 144 160 160 176 128 144 144 160 144 160 160 176 144 160 160 176 160 176 176 192 128 144 144 160 144 160 160 176 144 160 160 176 160 176 176 192 144 160 160 176 160 176 176 192 160 176 176 192 176 192 192 208 128 144 144 160 144 160 160 176 144 160 160 176 160 176 176 192 144 160 160 176 160 176 176 192 160 176 176 192 176 192 192 208 144 160 160 176 160 176 176 192 160 176 176 192 176 192 192 208 160 176 176 192 176 192 192 208 176 192 192 208 192 208 208 224 128 144 144 160 144 160 160 176 144 160 160 176 160 176 176 192 144 160 160 176 160 176 176 192 160 176 176 192 176 192 192 208 144 160 160 176 160 176 176 192 160 176 176 192 176 192 192 208 160 176 176 192 176 192 192 208 176 192 192 208 192 208 208 224 144 160 160 176 160 176 176 192 160 176 176 192 176 192 192 208 160 176 176 192 176 192 192 208 176 192 192 208 192 208 208 224 160 176 176 192 176 192 192 208 176 192 192 208 192 208 208 224 176 192 192 208 192 208 208 224 192 208 208 224 208 224 224 240 
 80  96  96 112  96 112 112 128  96 112 112 128 112 128 128 144  96 112 112 128 112 128 128 144 112 128 128 144 128 144 144 160  96 112 112 128 112 128 128 144 112 128 128 144 128 144 144 160 112 128 128 144 128 144 144 160 128 144 144 160 144 160 160 176  96 112 112 128 112 128 128 144 112 128 128 144 128 144 144 160 112 128 128 144 128 144 144 160 128 144 144 160 144 160 160 176 112 128 128 144 128 144 144 160 128 144 144 160 144 160 160 176 128 144 144 160 144 160 160 176 144 160 160 176 160 176 176 192  96 112 112 128 112 128 128 144 112 128 128 144 128 144 144 160 112 128 128 144 128 144 144 160 128 144 144 160 144 160 160 176 112 128 128 144 128 144 144 160 128 144 144 160 144 160 160 176 128 144 144 160 144 160 160 176 144 160 160 176 160 176 176 192 112 128 128 144 128 144 144 160 128 144 144 160 144 160 160 176 128 144 144 160 144 160 160 176 144 160 160 176 160 176 176 192 128 144 144 160 144 160 160 176 144 160 160 176 160 176 176 192 144 160 160 176 160 176 176 192 160 176 176 192 176 192 192 208 
 96 112 112 128 112 128 128 144 112 128 128 144 128 144 144 160 112 128 128 144 128 144 144 160 128 144 144 160 144 160 160 176 112 128 128 144 128 144 144 160 128 144 144 160 144 160 160 176 128 144 144 160 144 160 160 176 144 160 160 176 160 176 176 192 112 128 128 144 128 144 144 160 128 144 144 160 144 160 160 176 128 144 144 160 144 160 160 176 144 160 160 176 160 176 176 192 128 144 144 160 144 160 160 176 144 160 160 176 160 176 176 192 144 160 160 176 160 176 176 192 160 176 176 192 176 192 192 208 112 128 128 144 128 144 144 160 128 144 144 160 144 160 160 176 128 144 144 160 144 160 160 176 144 160 160 176 160 176 176 192 128 144 144 160 144 160 160 176 144 160 160 176 160 176 176 192 144 160 160 176 160 176 176 192 160 176 176 192 176 192 192 208 128 144 144 160 144 160 160 176 144 160 160 176 160 176 176 192 144 160 160 176 160 176 176 192 160 176 176 192 176 192 192 208 144 160 160 176 160 176 176 192 160 176 176 192 176 192 192 208 160 176 176 192 176 192 192 208 176 192 192 208 192 208 208 224 
 96 112 112 128 112 128 128 144 112 128 128 144 128 144 144 160 112 128 128 144 128 144 144 160 128 144 144 160 144 160 160 176 112 128 128 144 128 144 144 160 128 144 144 160 144 160 160 176 128 144 144 160 144 160 160 176 144 160 160 176 160 176 176 192 112 128 128 144 128 144 144 160 128 144 144 160 144 160 160 176 128 144 144 160 144 160 160 176 144 160 160 176 160 176 176 192 128 144 144 160 144 160 160 176 144 160 160 176 160 176 176 192 144 160 160 176 160 176 176 192 160 176 176 192 176 192 192 208 112 128 128 144 128 144 144 160 128 144 144 160 144 160 160 176 128 144 144 160 144 160 160 176 144 160 160 176 160 176 176 192 128 144 144 160 144 160 160 176 144 160 160 176 160 176 176 192 144 160 160 176 160 176 176 192 160 176 176 192 176 192 192 208 128 144 144 160 144 160 160 176 144 160 160 176 160 176 176 192 144 160 160 176 160 176 176 192 160 176 176 192 176 192 192 208 144 160 160 176 160 176 176 192 160 176 176 192 176 192 192 208 160 176 176 192 176 192 192 208 176 192 192 208 192 208 208 224 
112 128 128 144 128 144 144 160 128 144 144 160 144 160 160 176 128 144 144 160 144 160 160 176 144 160 160 176 160 176 176 192 128 144 144 160 144 160 160 176 144 160 160 176 160 176 176 192 144 160 160 176 160 176 176 192 160 176 176 192 176 192 192 208 128 144 144 160 144 160 160 176 144 160 160 176 160 176 176 192 144 160 160 176 160 176 176 192 160 176 176 192 176 192 192 208 144 160 160 176 160 176 176 192 160 176 176 192 176 192 192 208 160 176 176 192 176 192 192 208 176 192 192 208 192 208 208 224 128 144 144 160 144 160 160 176 144 160 160 176 160 176 176 192 144 160 160 176 160 176 176 192 160 176 176 192 176 192 192 208 144 160 160 176 160 176 176 192 160 176 176 192 176 192 192 208 160 176 176 192 176 192 192 208 176 192 192 208 192 208 208 224 144 160 160 176 160 176 176 192 160 176 176 192 176 192 192 208 160 176 176 192 176 192 192 208 176 192 192 208 192 208 208 224 160 176 176 192 176 192 192 208 176 192 192 208 192 208 208 224 176 192 192 208 192 208 208 224 192 208 208 224 208 224 224 240 
 96 112 112 128 112 128 128 144 112 128 128 144 128 144 144 160 112 128 128 144 128 144 144 160 128 144 144 160 144 160 160 176 112 128 128 144 128 144 144 160 128 144 144 160 144 160 160 176 128 144 144 160 144 160 160 176 144 160 160 176 160 176 176 192 112 128 128 144 128 144 144 160 128 144 144 160 144 160 160 176 128 144 144 160 144 160 160 176 144 160 160 176 160 176 176 192 128 144 144 160 144 160 160 176 144 160 160 176 160 176 176 192 144 160 160 176 160 176 176 192 160 176 176 192 176 192 192 208 112 128 128 144 128 144 144 160 128 144 144 160 144 160 160 176 128 144 144 160 144 160 160 176 144 160 160 176 160 176 176 192 128 144 144 160 144 160 160 176 144 160 160 176 160 176 176 192 144 160 160 176 160 176 176 192 160 176 176 192 176 192 192 208 128 144 144 160 144 160 160 176 144 160 160 176 160 176 176 192 144 160 160 176 160 176 176 192 160 176 176 192 176 192 192 208 144 160 160 176 160 176 176 192 160 176 176 192 176 192 192 208 160 176 176 192 176 192 192 208 176 192 192 208 192 208 208 224 
112 128 128 144 128 144 144 160 128 144 144 160 144 160 160 176 128 144 144 160 144 160 160 176 144 160 160 176 160 176 176 192 128 144 144 160 144 160 160 176 144 160 160 176 160 176 176 192 144 160 160 176 160 176 176 192 160 176 176 192 176 192 192 208 128 144 144 160 144 160 160 176 144 160 160 176 160 176 176 192 144 160 160 176 160 176 176 192 160 176 176 192 176 192 192 208 144 160 160 176 160 176 176 192 160 176 176 192 176 192 192 208 160 176 176 192 176 192 192 208 176 192 192 208 192 208 208 224 128 144 144 160 144 160 160 176 144 160 160 176 160 176 176 192 144 160 160 176 160 176 176 192 160 176 176 192 176 192 192 208 144 160 160 176 160 176 176 192 160 176 176 192 176 192 192 208 160 176 176 192 176 192 192 208 176 192 192 208 192 208 208 224 144 160 160 176 160 176 176 192 160 176 176 192 176 192 192 208 160 176 176 192 176 192 192 208 176 192 192 208 192 208 208 224 160 176 176 192 176 192 192 208 176 192 192 208 192 208 208 224 176 192 192 208 192 208 208 224 192 208 208 224 208 224 224 240 
112 128 128 144 128 144 144 160 128 144 144 160 144 160 160 176 128 144 144 160 144 160 160 176 144 160 160 176 160 176 176 192 128 144 144 160 144 160 160 176 144 160 160 176 160 176 176 192 144 160 160 176 160 176 176 192 160 176 176 192 176 192 192 208 128 144 144 160 144 160 160 176 144 160 160 176 160 176 176 192 144 160 160 176 160 176 176 192 160 176 176 192 176 192 192 208 144 160 160 176 160 176 176 192 160 176 176 192 176 192 192 208 160 176 176 192 176 192 192 208 176 192 192 208 192 208 208 224 128 144 144 160 144 160 160 176 144 160 160 176 160 176 176 192 144 160 160 176 160 176 176 192 160 176 176 192 176 192 192 208 144 160 160 176 160 176 176 192 160 176 176 192 176 192 192 208 160 176 176 192 176 192 192 208 176 192 192 208 192 208 208 224 144 160 160 176 160 176 176 192 160 176 176 192 176 192 192 208 160 176 176 192 176 192 192 208 176 192 192 208 192 208 208 224 160 176 176 192 176 192 192 208 176 192 192 208 192 208 208 224 176 192 192 208 192 208 208 224 192 208 208 224 208 224 224 240 
128 144 144 160 144 160 160 176 144 160 160 176 160 176 176 192 144 160 160 176 160 176 176 192 160 176 176 192 176 192 192 208 144 160 160 176 160 176 176 192 160 176 176 192 176 192 192 208 160 176 176 192 176 192 192 208 176 192 192 208 192 208 208 224 144 160 160 176 160 176 176 192 160 176 176 192 176 192 192 208 160 176 176 192 176 192 192 208 176 192 192 208 192 208 208 224 160 176 176 192 176 192 192 208 176 192 192 208 192 208 208 224 176 192 192 208 192 208 208 224 192 208 208 224 208 224 224 240 144 160 160 176 160 176 176 192 160 176 176 192 176 192 192 208 160 176 176 192 176 192 192 208 176 192 192 208 192 208 208 224 160 176 176 192 176 192 192 208 176 192 192 208 192 208 208 224 176 192 192 208 192 208 208 224 192 208 208 224 208 224 224 240 160 176 176 192 176 192 192 208 176 192 192 208 192 208 208 224 176 192 192 208 192 208 208 224 192 208 208 224 208 224 224 240 176 192 192 208 192 208 208 224 192 208 208 224 208 224 224 240 192 208 208 224 208 224 224 240 208 224 224 240 224 240 240 256 